Date,Open_XXBTZ,High_XXBTZ,Low_XXBTZ,Close_XXBTZ,Vol_XXBTZ,Open_XETHZ,High_XETHZ,Low_XETHZ,Close_XETHZ,Vol_XETHZ,Open_XXLTC,High_XXLTC,Low_XXLTC,Close_XXLTC,Vol_XXLTC,Open_XXDOT,High_XXDOT,Low_XXDOT,Close_XXDOT,Vol_XXDOT,Open_XXXMR,High_XXXMR,Low_XXXMR,Close_XXXMR,Vol_XXXMR
2019-01-17 18:00:00,3643.9,3644.0,3576.0,3612.2,1473.06898369,122.40,122.71,117.74,119.78,32171.65643950,,,,,,,,,,,,,,,
2019-01-18 18:00:00,3612.2,3950.0,3606.1,3683.0,1871.37313760,120.00,126.49,119.37,123.30,40364.40808390,,,,,,,,,,,,,,,
2019-01-19 18:00:00,3683.0,3702.5,3468.7,3530.0,2048.98164693,123.25,123.97,112.77,117.21,46466.49675135,,,,,,,,,,,,,,,
2019-01-20 18:00:00,3534.8,3565.0,3488.0,3533.4,1547.13618753,117.60,118.13,113.51,115.68,37208.70357075,,,,,,,,,,,,,,,
2019-01-21 18:00:00,3531.7,3607.5,3440.0,3575.8,1985.34497321,115.75,119.71,110.92,117.88,49974.21796577,,,,,,,,,,,,,,,
2019-01-22 18:00:00,3575.7,3613.2,3524.2,3556.1,2110.96433853,117.83,118.89,115.00,116.59,32932.16421129,,,,,,,,,,,,,,,
2019-01-23 18:00:00,3556.1,3591.0,3531.3,3568.3,1735.04384450,116.48,117.33,113.68,116.36,35803.32738471,,,,,,,,,,,,,,,
2019-01-24 18:00:00,3571.2,3576.6,3511.6,3560.0,1149.97226983,116.39,117.01,114.12,115.08,20757.95976124,,,,,,,,,,,,,,,
2019-01-25 18:00:00,3560.0,3673.0,3535.6,3556.2,1443.40696500,115.07,117.50,114.80,115.00,16864.06859379,,,,,,,,,,,,,,,
2019-01-26 18:00:00,3555.8,3562.2,3470.8,3531.3,1170.10570545,114.79,115.57,110.21,111.34,56512.71690929,,,,,,,,,,,,,,,
2019-01-27 18:00:00,3533.5,3537.0,3373.8,3431.0,4223.88654216,111.46,112.20,101.00,105.43,116919.95347588,,,,,,,,,,,,,,,
2019-01-28 18:00:00,3431.0,3439.1,3344.5,3395.0,3060.27656387,105.54,106.00,102.00,104.01,58259.80650069,,,,,,,,,,,,,,,
2019-01-29 18:00:00,3390.5,3465.1,3371.3,3436.9,2130.91093966,103.79,109.89,102.91,107.50,80182.63989981,,,,,,,,,,,,,,,
2019-01-30 18:00:00,3435.1,3478.1,3395.2,3409.6,2200.63548929,107.69,110.74,104.20,105.74,67713.53752551,,,,,,,,,,,,,,,
2019-01-31 18:00:00,3409.6,3460.0,3373.5,3437.2,2824.67887843,105.90,107.78,102.87,105.69,80417.73206329,,,,,,,,,,,,,,,
2019-02-01 18:00:00,3436.6,3494.1,3414.0,3466.0,1347.49342036,105.84,110.20,105.03,109.34,32165.50003111,,,,,,,,,,,,,,,
2019-02-02 18:00:00,3467.7,3472.9,3388.6,3415.2,1300.82888033,109.47,110.33,104.41,106.00,48264.11885639,,,,,,,,,,,,,,,
2019-02-03 18:00:00,3416.6,3437.8,3396.9,3413.9,1359.62990401,105.96,108.12,105.38,106.03,30082.01157399,,,,,,,,,,,,,,,
2019-02-04 18:00:00,3411.0,3433.7,3397.8,3429.5,1429.38685442,106.03,106.03,106.03,106.03,0.00000000,,,,,,,,,,,,,,,
2019-02-05 18:00:00,3430.0,3445.0,3337.0,3367.4,2289.49121231,106.19,106.71,100.03,103.26,78290.01606222,,,,,,,,,,,,,,,
2019-02-06 18:00:00,3367.2,3382.4,3348.1,3357.1,1512.88380802,103.20,104.75,102.68,103.32,25617.89354077,,,,,,,,,,,,,,,
2019-02-07 18:00:00,3359.5,3704.9,3341.4,3622.1,4231.50646809,103.16,122.36,102.45,118.07,116776.95704949,,,,,,,,,,,,,,,
2019-02-08 18:00:00,3624.0,3744.2,3589.6,3625.8,1780.95916756,118.23,119.95,116.65,117.98,34137.85433004,,,,,,,,,,,,,,,
2019-02-09 18:00:00,3625.7,3656.9,3578.2,3650.9,1114.66941941,118.11,125.10,114.21,123.98,65308.90808130,,,,,,,,,,,,,,,
2019-02-10 18:00:00,3647.3,3650.7,3577.7,3591.7,1388.71175715,124.00,124.22,118.09,119.52,54078.41509583,,,,,,,,,,,,,,,
2019-02-11 18:00:00,3591.0,3620.0,3538.2,3588.9,1383.23014194,119.56,122.73,117.00,121.18,37784.22217058,,,,,,,,,,,,,,,
2019-02-12 18:00:00,3585.4,3632.2,3560.0,3579.8,987.62604441,121.00,125.44,119.55,120.58,38970.08587753,,,,,,,,,,,,,,,
2019-02-13 18:00:00,3576.0,3589.3,3532.1,3562.4,835.12172617,120.61,123.11,115.00,119.37,43213.37927674,,,,,,,,,,,,,,,
2019-02-14 18:00:00,3560.6,3616.1,3546.9,3567.4,946.78857520,119.38,123.14,119.03,120.48,25073.81080977,,,,,,,,,,,,,,,
2019-02-15 18:00:00,3567.8,3613.3,3565.3,3580.1,964.91632521,120.43,123.78,120.41,121.51,21683.65298154,,,,,,,,,,,,,,,
2019-02-16 18:00:00,3583.9,3675.0,3552.7,3625.1,1433.44347746,121.50,134.40,121.50,132.34,69683.91075228,,,,,,,,,,,,,,,
2019-02-17 18:00:00,3627.7,3926.0,3617.1,3870.7,4873.97405577,132.25,148.59,131.01,144.71,136945.67859328,,,,,,,,,,,,,,,
2019-02-18 18:00:00,3870.1,3975.0,3838.2,3888.1,3326.31517672,144.70,149.62,142.44,142.84,91822.82862986,,,,,,,,,,,,,,,
2019-02-19 18:00:00,3890.6,3961.6,3865.7,3943.2,2074.00438324,142.64,148.70,139.51,147.71,76650.35169705,,,,,,,,,,,,,,,
2019-02-20 18:00:00,3938.6,3986.0,3863.2,3897.1,1838.58700690,147.23,148.98,141.68,144.17,40087.98459763,,,,,,,,,,,,,,,
2019-02-21 18:00:00,3897.0,3954.6,3884.9,3941.2,1714.98412867,144.18,147.48,142.23,146.94,40300.64821341,,,,,,,,,,,,,,,
2019-02-22 18:00:00,3940.4,4160.1,3911.0,4113.3,2943.73108279,146.59,159.40,144.67,157.50,89099.30773369,,,,,,,,,,,,,,,
2019-02-23 18:00:00,4111.1,4190.3,3625.0,3732.2,4240.45109350,157.40,166.62,131.18,131.56,163445.21612882,,,,,,,,,,,,,,,
2019-02-24 18:00:00,3732.4,3860.3,3732.3,3819.8,2325.62212569,131.74,141.04,131.01,137.54,87908.52904367,,,,,,,,,,,,,,,
2019-02-25 18:00:00,3819.6,3829.9,3764.0,3796.7,1890.39867573,137.57,138.04,133.11,135.71,27188.04487210,,,,,,,,,,,,,,,
2019-02-26 18:00:00,3791.8,3827.9,3652.6,3799.1,2805.95989959,135.62,139.95,126.50,134.11,65791.42775204,,,,,,,,,,,,,,,
2019-02-27 18:00:00,3797.8,3885.0,3756.4,3793.6,2010.80506465,134.21,139.70,131.45,134.52,50852.35547320,,,,,,,,,,,,,,,
2019-02-28 18:00:00,3793.7,3843.0,3785.8,3804.9,964.32145291,134.59,137.73,133.63,134.79,21384.14403901,,,,,,,,,,,,,,,
2019-03-01 18:00:00,3804.9,3817.4,3754.3,3810.1,528.89856765,134.79,135.40,129.13,132.23,28561.88743014,,,,,,,,,,,,,,,
2019-03-02 18:00:00,3813.5,3822.4,3755.4,3785.7,1199.10931344,132.45,134.77,127.00,129.81,28454.72947495,,,,,,,,,,,,,,,
2019-03-03 18:00:00,3785.7,3805.2,3670.9,3700.1,2280.64433456,129.81,130.38,122.55,125.10,66898.86324461,,,,,,,,,,,,,,,
2019-03-04 18:00:00,3700.0,3875.1,3690.6,3844.9,2289.09999250,125.18,137.64,124.90,136.49,82584.86243602,,,,,,,,,,,,,,,
2019-03-05 18:00:00,3845.0,3895.7,3805.0,3851.7,1552.14139273,136.49,140.61,132.49,136.92,70564.28155099,,,,,,,,,,,,,,,
2019-03-06 18:00:00,3851.6,3891.4,3829.9,3854.0,1882.24990116,137.23,139.86,133.63,136.11,38666.82959020,,,,,,,,,,,,,,,
2019-03-07 18:00:00,3854.0,3910.0,3760.3,3840.5,1884.20428597,136.11,138.79,129.39,132.74,52097.75622903,,,,,,,,,,,,,,,
2019-03-08 18:00:00,3840.5,3947.0,3836.7,3919.2,1652.40926475,132.56,138.27,131.86,136.45,30058.03059829,,,,,,,,,,,,,,,
2019-03-09 18:00:00,3916.1,3916.3,3863.7,3904.5,698.94382321,136.45,136.83,133.31,134.67,21511.09988217,,,,,,,,,,,,,,,
2019-03-10 19:00:00,3900.7,3911.2,3815.5,3851.2,1262.86118253,134.82,135.59,130.46,131.70,42919.26672991,,,,,,,,,,,,,,,
2019-03-11 19:00:00,3852.0,3879.6,3800.5,3863.1,1574.06311771,131.87,134.40,127.45,132.91,46278.07855734,,,,,,,,,,,,,,,
2019-03-12 19:00:00,3865.2,3873.5,3828.8,3852.8,881.79474838,132.66,132.80,130.19,131.12,18614.40035701,,,,,,,,,,,,,,,
2019-03-13 19:00:00,3851.6,3907.0,3782.0,3856.9,1236.37963740,131.26,136.25,128.00,131.40,43022.54633831,,,,,,,,,,,,,,,
2019-03-14 19:00:00,3856.6,3909.8,3847.8,3900.3,1128.43467216,131.49,136.90,131.49,135.89,33457.93295049,,,,,,,,,,,,,,,
2019-03-15 19:00:00,3900.1,4042.5,3899.9,3989.2,2160.35937378,135.91,143.75,135.83,140.40,53506.02431288,,,,,,,,,,,,,,,
2019-03-16 19:00:00,3989.5,3989.6,3937.4,3965.0,745.65446633,140.39,140.40,136.27,138.02,27353.15555806,,,,,,,,,,,,,,,
2019-03-17 19:00:00,3963.4,4019.9,3935.2,3969.6,1642.10131711,138.06,141.36,135.03,136.85,34696.63109607,,,,,,,,,,,,,,,
2019-03-18 19:00:00,3969.6,4010.0,3950.0,3999.9,1336.75471401,136.99,138.65,136.15,137.96,18749.55419361,,,,,,,,,,,,,,,
2019-03-19 19:00:00,3998.4,4048.8,3963.4,4033.0,2045.27473529,137.92,139.44,135.21,138.82,23320.93313862,,,,,,,,,,,,,,,
2019-03-20 19:00:00,4031.7,4064.4,3871.3,3974.3,2388.39762480,138.72,139.26,131.95,134.30,29833.59845663,,,,,,,,,,,,,,,
2019-03-21 19:00:00,3972.5,3999.0,3960.0,3984.1,1103.81827614,134.29,136.90,133.96,135.78,14835.81749767,,,,,,,,,,,,,,,
2019-03-22 19:00:00,3981.6,4000.0,3961.3,3982.4,736.79176036,135.68,137.63,135.23,136.67,30434.91753796,,,,,,,,,,,,,,,
2019-03-23 19:00:00,3980.4,3981.3,3946.7,3969.7,707.49922392,136.65,136.71,134.13,135.25,13286.40496470,,,,,,,,,,,,,,,
2019-03-24 19:00:00,3967.9,3976.6,3855.5,3906.0,2115.10591563,135.25,136.23,130.59,132.93,24177.03124028,,,,,,,,,,,,,,,
2019-03-25 19:00:00,3908.0,3921.6,3882.9,3918.8,1409.65973844,133.10,134.00,131.54,133.29,15378.28122048,,,,,,,,,,,,,,,
2019-03-26 19:00:00,3915.7,4037.3,3913.0,4026.1,2228.45823286,133.29,139.80,133.13,139.15,31417.82424133,,,,,,,,,,,,,,,
2019-03-27 19:00:00,4025.0,4025.0,3994.9,4013.7,1319.06479382,139.02,139.24,136.75,137.35,13222.47865232,,,,,,,,,,,,,,,
2019-03-28 19:00:00,4013.4,4100.0,4005.9,4088.9,2139.49520096,137.35,143.00,136.87,142.71,27335.95100738,,,,,,,,,,,,,,,
2019-03-29 19:00:00,4089.9,4130.0,4040.0,4090.9,1203.70143900,142.74,145.49,139.63,142.01,25780.58060212,,,,,,,,,,,,,,,
2019-03-30 19:00:00,4092.2,4100.0,4073.7,4095.1,615.80523918,142.11,142.14,140.13,141.29,7464.44608891,,,,,,,,,,,,,,,
2019-03-31 19:00:00,4095.1,4148.6,4051.7,4137.8,2757.82205062,141.07,143.00,138.60,141.05,30807.37377791,,,,,,,,,,,,,,,
2019-04-01 19:00:00,4137.9,5142.9,4133.1,4902.9,10675.20887975,141.01,167.76,140.77,164.62,121757.68073699,,,,,,,,,,,,,,,
2019-04-02 19:00:00,4899.4,5362.7,4751.0,4972.2,9109.42654442,164.43,180.00,153.42,161.30,164618.08079024,,,,,,,,,,,,,,,
2019-04-03 19:00:00,4971.3,5075.1,4782.1,4907.7,4097.31486554,161.05,165.20,153.53,157.51,70707.18204617,,,,,,,,,,,,,,,
2019-04-04 19:00:00,4914.8,5091.9,4886.0,5038.1,2001.30591582,157.62,168.39,156.21,165.72,48340.92978776,,,,,,,,,,,,,,,
2019-04-05 19:00:00,5037.4,5240.0,4895.9,5036.4,2242.80037391,165.79,173.18,156.00,165.44,57005.36815983,,,,,,,,,,,,,,,
2019-04-06 19:00:00,5044.1,5270.0,5015.7,5189.3,2552.31706093,165.30,176.86,163.88,174.71,44834.93391946,,,,,,,,,,,,,,,
2019-04-07 19:00:00,5194.4,5359.8,5125.5,5285.1,3174.13644998,174.79,187.81,173.68,180.54,87627.49845494,,,,,,,,,,,,,,,
2019-04-08 19:00:00,5287.7,5287.7,5144.9,5190.8,2519.97308079,180.45,180.81,174.30,175.90,29236.88672030,,,,,,,,,,,,,,,
2019-04-09 19:00:00,5191.9,5464.0,5169.9,5320.5,4238.80994580,175.90,185.00,170.10,177.54,65659.39781258,,,,,,,,,,,,,,,
2019-04-10 19:00:00,5320.4,5342.2,4960.1,5041.7,3746.33595885,177.61,177.84,160.53,164.89,52065.19974125,,,,,,,,,,,,,,,
2019-04-11 19:00:00,5040.7,5115.9,4920.0,5081.1,1996.74263041,164.93,167.83,160.12,164.42,34852.72828319,,,,,,,,,,,,,,,
2019-04-12 19:00:00,5075.1,5122.0,5036.9,5069.3,1198.74414851,164.10,166.19,162.18,163.70,17744.18976678,,,,,,,,,,,,,,,
2019-04-13 19:00:00,5065.5,5190.1,5008.0,5153.3,919.81572982,163.74,169.05,161.05,167.98,22569.02065332,,,,,,,,,,,,,,,
2019-04-14 19:00:00,5162.6,5188.2,4942.8,5041.4,1997.43161290,167.99,169.52,155.00,160.60,53476.20582851,,,,,,,,,,,,,,,
2019-04-15 19:00:00,5030.3,5245.0,5017.9,5204.0,2807.57292657,160.01,168.11,159.48,166.37,31775.94245938,,,,,,,,,,,,,,,
2019-04-16 19:00:00,5204.0,5300.0,5175.1,5225.0,1665.10087491,166.33,168.40,164.17,166.58,21326.25952595,,,,,,,,,,,,,,,
2019-04-17 19:00:00,5224.9,5325.0,5222.1,5282.8,2070.21095404,166.52,176.38,166.06,174.04,42038.87005818,,,,,,,,,,,,,,,
2019-04-18 19:00:00,5281.0,5366.5,5191.9,5286.0,1908.30782418,174.04,174.68,169.28,173.52,25695.13654122,,,,,,,,,,,,,,,
2019-04-19 19:00:00,5285.9,5359.0,5257.0,5316.5,1376.33684195,173.55,178.00,170.43,173.75,26165.68467729,,,,,,,,,,,,,,,
2019-04-20 19:00:00,5318.5,5347.8,5200.0,5295.2,1359.58580151,173.77,174.29,166.20,169.90,29212.24359490,,,,,,,,,,,,,,,
2019-04-21 19:00:00,5294.7,5453.3,5245.0,5384.0,2912.60125281,169.84,174.05,168.05,171.56,26074.47389926,,,,,,,,,,,,,,,
2019-04-22 19:00:00,5384.0,5645.0,5363.3,5530.1,4053.77707391,171.56,176.94,168.84,170.51,35068.20080984,,,,,,,,,,,,,,,
2019-04-23 19:00:00,5525.4,5627.9,5375.3,5444.2,2896.04359536,170.06,171.01,160.22,165.72,51119.21384994,,,,,,,,,,,,,,,
2019-04-24 19:00:00,5442.0,5510.5,4357.1,5131.8,4677.98247350,165.60,166.71,146.50,152.09,73004.03616572,,,,,,,,,,,,,,,
2019-04-25 19:00:00,5128.7,5290.0,5043.3,5153.0,4036.15084528,152.09,156.00,148.18,153.05,43774.66277206,,,,,,,,,,,,,,,
2019-04-26 19:00:00,5154.5,5216.5,5116.7,5168.5,1650.06779725,153.13,158.27,152.33,155.73,21193.13346550,,,,,,,,,,,,,,,
2019-04-27 19:00:00,5169.8,5215.4,5100.2,5158.9,1187.83171064,155.58,156.40,152.38,153.56,13792.47994485,,,,,,,,,,,,,,,
2019-04-28 19:00:00,5156.2,5194.2,5061.1,5149.0,1679.76139881,153.25,157.33,149.00,152.29,40991.15380294,,,,,,,,,,,,,,,
2019-04-29 19:00:00,5152.8,5297.0,5132.0,5273.0,2809.11786087,152.33,161.00,152.29,160.36,33606.43773275,,,,,,,,,,,,,,,
2019-04-30 19:00:00,5272.2,5358.9,5270.0,5324.1,2443.44683543,160.31,163.08,156.75,158.55,32353.79925530,,,,,,,,,,,,,,,
2019-05-01 19:00:00,5323.2,5421.7,5311.3,5390.5,2110.26927865,158.22,160.51,154.60,158.81,24532.06601073,,,,,,,,,,,,,,,
2019-05-02 19:00:00,5390.0,5796.0,5368.7,5660.0,5333.94673080,158.67,169.00,157.93,164.52,42707.77819489,,,,,,,,,,,,,,,
2019-05-03 19:00:00,5658.8,5840.0,5525.0,5763.5,4734.71011649,164.78,168.87,158.05,161.95,34581.59249803,,,,,,,,,,,,,,,
2019-05-04 19:00:00,5765.6,5779.9,5627.6,5719.3,1638.09277734,161.94,163.52,157.12,161.34,13915.32551227,,,,,,,,,,,,,,,
2019-05-05 19:00:00,5719.1,5752.0,5563.4,5687.4,2505.17851499,161.35,175.95,157.00,171.20,64032.24253654,,,,,,,,,,,,,,,
2019-05-06 19:00:00,5687.6,5967.8,5687.6,5745.2,4190.39277892,171.20,180.75,165.60,166.23,70730.01471526,,,,,,,,,,,,,,,
2019-05-07 19:00:00,5746.5,5983.2,5660.0,5942.1,2474.47199508,166.23,171.80,163.50,169.51,41452.22994429,,,,,,,,,,,,,,,
2019-05-08 19:00:00,5949.7,6174.0,5933.2,6151.4,4525.93390033,169.42,173.35,165.30,169.96,42903.61367397,,,,,,,,,,,,,,,
2019-05-09 19:00:00,6151.4,6430.0,6110.1,6339.1,5606.97060860,170.09,176.50,167.61,172.09,59366.89959010,,,,,,,,,,,,,,,
2019-05-10 19:00:00,6339.5,7450.0,6338.0,7201.0,10134.25699831,171.93,206.87,171.89,192.30,157832.01351401,,,,,,,,,,,,,,,
2019-05-11 19:00:00,7207.9,7588.0,6724.1,6975.7,9314.25359236,192.30,203.98,182.16,188.17,109896.39221777,,,,,,,,,,,,,,,
2019-05-12 19:00:00,6970.1,8169.3,6870.0,7816.4,11516.04229732,187.80,209.05,185.52,195.80,111071.71996897,,,,,,,,,,,,,,,
2019-05-13 19:00:00,7817.5,8336.9,7620.0,7993.7,9676.21612657,195.99,221.00,194.98,217.00,127322.52365775,,,,,,,,,,,,,,,
2019-05-14 19:00:00,7988.9,8296.9,7829.6,8203.0,5522.87458210,217.30,250.00,217.21,249.21,156804.45618626,,,,,,,,,,,,,,,
2019-05-15 19:00:00,8201.5,8370.0,7650.0,7880.7,7538.00122759,249.07,280.00,241.01,264.73,264887.02602296,,,,,,,,,,,,,,,
2019-05-16 19:00:00,7883.6,7946.2,6636.0,7350.1,10059.52742228,264.69,270.25,222.78,244.44,173804.26145394,,,,,,,,,,,,,,,
2019-05-17 19:00:00,7353.9,7494.2,7205.0,7265.0,2847.92336383,244.34,248.70,230.79,234.01,68140.92524481,,,,,,,,,,,,,,,
2019-05-18 19:00:00,7265.8,8300.0,7261.4,8194.9,7146.23307883,234.01,264.96,232.01,261.18,90454.75083580,,,,,,,,,,,,,,,
2019-05-19 19:00:00,8191.1,8198.2,7567.2,8005.0,6107.53795634,261.15,261.15,239.00,252.30,82280.15887445,,,,,,,,,,,,,,,
2019-05-20 19:00:00,7999.2,8116.0,7807.0,7951.9,3632.68909587,252.41,264.45,247.81,255.00,74201.15499354,,,,,,,,,,,,,,,
2019-05-21 19:00:00,7951.7,8050.0,7510.0,7620.0,4495.65715766,254.62,261.74,240.00,243.20,65879.61444054,,,,,,,,,,,,,,,
2019-05-22 19:00:00,7623.1,7986.6,7470.0,7878.9,4686.80628914,242.89,248.69,231.23,245.67,53749.51896255,,,,,,,,,,,,,,,
2019-05-23 19:00:00,7880.5,8173.7,7800.3,8000.0,4597.59543627,245.60,256.29,242.42,249.68,42502.69181918,,,,,,,,,,,,,,,
2019-05-24 19:00:00,8000.0,8161.0,7951.1,8066.5,1449.14318941,249.50,258.92,248.38,252.05,28022.38111275,,,,,,,,,,,,,,,
2019-05-25 19:00:00,8067.4,8788.0,7896.2,8736.3,4787.73803801,252.27,271.00,245.96,268.26,60204.85399465,,,,,,,,,,,,,,,
2019-05-26 19:00:00,8733.0,8953.4,8662.7,8780.7,4305.94429678,268.72,279.50,264.09,271.10,48817.99948753,,,,,,,,,,,,,,,
2019-05-27 19:00:00,8773.0,8814.6,8200.0,8720.1,3790.01501785,271.37,276.70,264.29,271.67,37193.44927964,,,,,,,,,,,,,,,
2019-05-28 19:00:00,8720.1,8752.4,8429.1,8663.2,2946.88974724,271.18,274.28,257.39,269.50,36424.98128814,,,,,,,,,,,,,,,
2019-05-29 19:00:00,8664.1,9094.4,7988.8,8269.6,6563.46004262,269.50,288.90,239.15,254.49,104918.33823345,,,,,,,,,,,,,,,
2019-05-30 19:00:00,8272.0,8591.1,8110.1,8555.5,4203.86260512,254.49,268.69,243.13,267.56,64202.01650985,,,,,,,,,,,,,,,
2019-05-31 19:00:00,8552.9,8622.5,8461.6,8549.9,1558.34654530,267.48,275.00,260.01,264.86,35116.81056430,,,,,,,,,,,,,,,
2019-06-01 19:00:00,8549.5,8841.3,8542.3,8742.5,2264.58474326,264.52,273.84,263.72,269.27,20632.52814140,,,,,,,,,,,,,,,
2019-06-02 19:00:00,8740.0,8746.0,8039.0,8120.0,9017.51715884,269.27,270.10,246.10,249.83,84727.78438724,,,,,,,,,,,,,,,
2019-06-03 19:00:00,8103.6,8104.7,7425.0,7670.0,14416.39550153,249.60,251.49,233.44,241.13,170595.48637977,,,,,,,,,,,,,,,
2019-06-04 19:00:00,7668.9,7934.8,7565.0,7787.1,7857.73218301,241.13,249.33,237.35,245.88,82192.27012018,,,,,,,,,,,,,,,
2019-06-05 19:00:00,7787.8,7875.0,7440.0,7804.3,8129.11479644,245.94,251.62,235.22,249.29,71799.71944486,,,,,,,,,,,,,,,
2019-06-06 19:00:00,7799.0,8131.6,7765.0,8000.5,6580.75287970,249.59,255.00,244.51,249.50,71269.38525333,,,,,,,,,,,,,,,
2019-06-07 19:00:00,8000.0,8060.6,7785.2,7928.7,3423.37203680,249.50,250.76,241.70,244.48,47646.81103134,,,,,,,,,,,,,,,
2019-06-08 19:00:00,7928.6,7960.0,7510.0,7642.1,4243.52930192,244.04,245.00,226.56,231.25,72835.23425099,,,,,,,,,,,,,,,
2019-06-09 19:00:00,7638.5,8076.7,7525.0,8019.9,7215.60581891,231.21,248.24,227.39,247.82,68465.65005403,,,,,,,,,,,,,,,
2019-06-10 19:00:00,8019.4,8052.0,7715.0,7921.4,6846.67992666,247.74,249.00,237.55,245.17,65442.29965872,,,,,,,,,,,,,,,
2019-06-11 19:00:00,7922.2,8286.8,7823.1,8171.0,8081.90839436,245.46,263.68,243.21,262.50,95109.40603230,,,,,,,,,,,,,,,
2019-06-12 19:00:00,8171.0,8344.9,8005.0,8237.6,5762.34175582,262.51,264.42,254.27,255.15,61234.27294143,,,,,,,,,,,,,,,
2019-06-13 19:00:00,8237.6,8740.0,8175.0,8694.0,7257.80726429,255.14,266.18,252.00,263.83,84913.82807515,,,,,,,,,,,,,,,
2019-06-14 19:00:00,8694.0,8912.0,8620.3,8856.8,5293.93588830,263.89,274.00,261.76,269.44,53301.09648359,,,,,,,,,,,,,,,
2019-06-15 19:00:00,8857.0,9390.0,8456.0,8976.1,12551.75925319,269.32,278.80,263.11,268.58,82865.24390081,,,,,,,,,,,,,,,
2019-06-16 19:00:00,8976.0,9470.0,8971.9,9335.0,8436.74202351,268.60,275.74,267.20,273.74,56187.61169289,,,,,,,,,,,,,,,
2019-06-17 19:00:00,9335.0,9355.0,8943.0,9080.5,6320.07604985,273.74,274.14,260.97,264.65,61247.86848591,,,,,,,,,,,,,,,
2019-06-18 19:00:00,9077.3,9323.3,9040.0,9277.1,4408.22300671,264.66,270.00,263.60,268.91,37463.93221811,,,,,,,,,,,,,,,
2019-06-19 19:00:00,9282.1,9600.0,9213.2,9534.3,6475.26400109,268.90,274.20,266.51,271.99,40588.11275971,,,,,,,,,,,,,,,
2019-06-20 19:00:00,9533.2,10250.0,9533.2,10219.2,9099.70690374,271.97,296.59,271.97,296.08,117214.37281864,,,,,,,,,,,,,,,
2019-06-21 19:00:00,10216.2,11216.8,10000.0,10663.8,12842.48586265,296.01,314.56,293.52,308.54,116845.32653578,,,,,,,,,,,,,,,
2019-06-22 19:00:00,10663.6,11286.8,10474.0,10814.1,5943.46891708,308.37,318.20,301.00,305.99,72649.75142758,,,,,,,,,,,,,,,
2019-06-23 19:00:00,10812.1,11102.6,10511.0,11020.6,5457.41272587,305.97,313.09,295.00,310.44,62913.04696389,,,,,,,,,,,,,,,
2019-06-24 19:00:00,11023.9,11800.0,11007.5,11765.1,11623.88144358,310.75,317.80,305.48,316.88,72350.65082731,,,,,,,,,,,,,,,
2019-06-25 19:00:00,11765.1,13875.7,11540.1,12933.7,25637.82859518,316.84,363.29,314.45,334.51,223195.75749449,,,,,,,,,,,,,,,
2019-06-26 19:00:00,12933.2,13360.9,10300.0,11148.0,25035.66966057,334.48,343.25,274.34,293.68,233905.78143136,,,,,,,,,,,,,,,
2019-06-27 19:00:00,11161.9,12450.0,10723.3,12360.0,13815.53621372,293.55,312.74,289.88,309.79,84979.95769148,,,,,,,,,,,,,,,
2019-06-28 19:00:00,12370.0,12436.2,11172.6,11865.1,10990.60288378,309.43,323.96,291.00,317.00,104992.57178026,,,,,,,,,,,,,,,
2019-06-29 19:00:00,11865.1,12200.0,10650.0,10752.3,10959.68537569,317.01,323.23,286.00,289.50,84055.25175695,,,,,,,,,,,,,,,
2019-06-30 19:00:00,10749.4,11239.0,9900.0,10575.9,14633.39438537,289.88,301.76,278.85,293.51,99326.46106773,,,,,,,,,,,,,,,
2019-07-01 19:00:00,10578.7,10947.3,9666.0,10837.3,15317.90208157,293.55,295.99,271.60,291.24,97796.24306384,,,,,,,,,,,,,,,
2019-07-02 19:00:00,10837.2,12037.0,10807.3,11979.8,16123.60034549,291.24,303.41,288.99,302.10,46720.30830825,,,,,,,,,,,,,,,
2019-07-03 19:00:00,11984.7,12064.4,10601.0,11148.3,7856.19947708,302.10,303.79,280.00,282.57,37822.82018750,,,,,,,,,,,,,,,
2019-07-04 19:00:00,11145.0,11482.9,10736.0,11006.0,8055.43677022,282.67,294.99,280.21,287.60,42955.96432217,,,,,,,,,,,,,,,
2019-07-05 19:00:00,10988.7,11728.5,10945.6,11233.5,5353.27428748,287.41,297.88,285.48,287.65,22427.64826858,,,,,,,,,,,,,,,
2019-07-06 19:00:00,11234.2,11631.2,11000.0,11480.7,4619.32546455,287.11,310.97,284.12,306.47,34078.66004013,,,,,,,,,,,,,,,
2019-07-07 19:00:00,11481.5,12404.6,11323.7,12298.0,7494.77812687,306.16,315.00,302.51,313.67,49502.17100442,,,,,,,,,,,,,,,
2019-07-08 19:00:00,12299.7,12826.5,12127.0,12570.5,8812.14375715,313.57,318.61,302.39,307.95,47355.42623708,,,,,,,,,,,,,,,
2019-07-09 19:00:00,12562.9,13197.8,11555.0,12096.2,12774.21431449,307.90,314.73,281.63,288.46,94063.94724615,,,,,,,,,,,,,,,
2019-07-10 19:00:00,12096.0,12096.0,10957.0,11343.5,13431.14583169,288.46,288.46,262.09,268.49,92385.88473058,,,,,,,,,,,,,,,
2019-07-11 19:00:00,11346.1,11930.2,11091.3,11798.1,7210.26042024,268.49,279.02,266.33,275.48,37677.42976303,,,,,,,,,,,,,,,
2019-07-12 19:00:00,11804.0,11844.5,10800.1,11381.5,7153.01536348,275.46,275.83,260.40,269.18,48565.50521838,,,,,,,,,,,,,,,
2019-07-13 19:00:00,11381.5,11461.1,10275.1,10621.1,7554.98168904,269.35,269.99,229.18,237.11,106578.61528746,,,,,,,,,,,,,,,
2019-07-14 19:00:00,10622.7,11078.3,9789.0,10840.4,9896.55364709,236.16,236.16,212.50,228.13,123739.82762085,,,,,,,,,,,,,,,
2019-07-15 19:00:00,10840.8,11038.1,9365.0,9420.3,14549.88976143,228.19,234.57,190.41,198.67,188369.25365139,,,,,,,,,,,,,,,
2019-07-16 19:00:00,9420.5,9979.4,9099.0,9703.9,13073.68165922,198.90,219.80,192.58,211.50,134743.01537928,,,,,,,,,,,,,,,
2019-07-17 19:00:00,9701.3,10800.0,9250.1,10636.6,13028.99664647,211.49,230.15,206.40,226.30,120787.72249762,,,,,,,,,,,,,,,
2019-07-18 19:00:00,10647.2,10775.0,10122.0,10535.2,7418.36136261,226.49,226.97,213.12,221.45,59989.77206804,,,,,,,,,,,,,,,
2019-07-19 19:00:00,10530.8,11210.0,10379.5,10774.9,6939.80734523,221.77,236.31,220.50,228.87,51817.69528935,,,,,,,,,,,,,,,
2019-07-20 19:00:00,10774.7,10842.2,10188.0,10595.3,5461.71221755,228.99,230.00,217.62,225.47,45315.63208135,,,,,,,,,,,,,,,
2019-07-21 19:00:00,10595.3,10685.1,10071.0,10323.9,6592.61341474,225.59,228.19,211.56,217.27,45176.73526744,,,,,,,,,,,,,,,
2019-07-22 19:00:00,10324.0,10328.9,9800.0,9840.6,7956.17264384,217.14,219.00,208.39,212.05,49931.20647784,,,,,,,,,,,,,,,
2019-07-23 19:00:00,9840.6,9919.6,9500.1,9769.8,8280.47415170,211.92,218.21,200.59,216.51,70895.67267491,,,,,,,,,,,,,,,
2019-07-24 19:00:00,9770.0,10187.4,9734.6,9878.0,5604.36102566,216.63,225.98,215.60,219.16,50612.70542582,,,,,,,,,,,,,,,
2019-07-25 19:00:00,9878.0,9911.3,9625.2,9852.0,4320.29943763,219.07,220.66,212.65,219.24,41937.27341614,,,,,,,,,,,,,,,
2019-07-26 19:00:00,9850.9,10204.6,9269.1,9471.8,6349.43883010,219.22,224.01,201.98,207.11,61446.42842826,,,,,,,,,,,,,,,
2019-07-27 19:00:00,9472.8,9630.0,9120.0,9531.7,3862.18796917,206.95,213.39,197.18,211.07,43046.98371285,,,,,,,,,,,,,,,
2019-07-28 19:00:00,9536.2,9709.7,9375.0,9499.9,4104.96177138,211.33,214.80,206.03,210.69,38392.11956850,,,,,,,,,,,,,,,
2019-07-29 19:00:00,9495.4,9766.1,9381.3,9594.1,3996.70214890,210.90,215.10,204.41,209.80,25525.99472058,,,,,,,,,,,,,,,
2019-07-30 19:00:00,9594.0,10135.8,9575.0,10090.1,6067.91115085,209.62,219.00,209.61,218.68,32476.97083809,,,,,,,,,,,,,,,
2019-07-31 19:00:00,10090.3,10530.0,9882.4,10408.9,6555.68652868,218.55,219.22,210.61,217.38,27816.04547198,,,,,,,,,,,,,,,
2019-08-01 19:00:00,10408.9,10665.4,10327.9,10531.5,5203.22201179,217.38,223.01,215.00,217.80,31926.10766446,,,,,,,,,,,,,,,
2019-08-02 19:00:00,10532.7,10928.0,10507.0,10809.9,3958.82486203,217.75,224.60,216.49,221.82,26118.51673748,,,,,,,,,,,,,,,
2019-08-03 19:00:00,10809.9,11078.7,10539.9,10972.4,4989.39900931,221.89,223.71,216.65,222.90,16129.83640785,,,,,,,,,,,,,,,
2019-08-04 19:00:00,10977.6,11940.0,10973.0,11799.6,8456.18018477,222.88,237.00,222.88,233.00,42523.83766868,,,,,,,,,,,,,,,
2019-08-05 19:00:00,11799.6,12340.0,11200.0,11458.8,10983.92645999,232.93,239.63,222.00,226.10,52195.59577448,,,,,,,,,,,,,,,
2019-08-06 19:00:00,11458.1,12173.8,11387.0,11962.7,9518.03243373,226.00,231.17,220.00,225.97,33595.96141775,,,,,,,,,,,,,,,
2019-08-07 19:00:00,11973.3,12065.0,11472.6,11982.6,5503.28967046,225.97,226.63,214.69,220.85,49755.80877555,,,,,,,,,,,,,,,
2019-08-08 19:00:00,11992.9,12042.0,11660.0,11857.6,4972.62735052,220.88,221.24,206.36,210.30,32685.32022534,,,,,,,,,,,,,,,
2019-08-09 19:00:00,11859.6,11975.0,11230.2,11284.7,5075.90454317,210.24,214.78,201.00,206.05,33943.31598134,,,,,,,,,,,,,,,
2019-08-10 19:00:00,11280.0,11581.0,11101.9,11526.7,3242.58542379,206.02,216.63,205.69,216.28,34123.15940997,,,,,,,,,,,,,,,
2019-08-11 19:00:00,11539.7,11550.2,11235.0,11384.2,2521.40994313,216.28,216.45,209.70,211.20,18066.45667278,,,,,,,,,,,,,,,
2019-08-12 19:00:00,11386.0,11442.6,10751.0,10857.0,5530.49168914,211.19,211.94,203.00,208.60,34698.78482127,,,,,,,,,,,,,,,
2019-08-13 19:00:00,10855.1,10862.0,9900.0,10018.0,9345.62962355,208.40,209.00,182.00,186.20,59075.03750420,,,,,,,,,,,,,,,
2019-08-14 19:00:00,10018.0,10450.0,9490.0,10304.5,11725.54421272,186.32,189.69,173.76,188.06,55935.45528995,,,,,,,,,,,,,,,
2019-08-15 19:00:00,10300.9,10535.0,9728.0,10362.1,8443.90114207,187.94,188.21,177.96,185.50,46462.79209882,,,,,,,,,,,,,,,
2019-08-16 19:00:00,10362.2,10475.0,9999.9,10211.8,3766.05859122,185.50,186.88,182.11,185.63,16282.37525453,,,,,,,,,,,,,,,
2019-08-17 19:00:00,10211.8,10502.4,10065.0,10326.4,2908.43736041,186.21,198.00,183.37,194.57,23132.75012644,,,,,,,,,,,,,,,
2019-08-18 19:00:00,10325.0,10950.0,10267.5,10921.8,5196.35981986,194.57,203.79,193.15,202.27,36218.94725425,,,,,,,,,,,,,,,
2019-08-19 19:00:00,10921.4,10959.0,10560.1,10759.9,3828.56520889,202.39,202.77,194.48,196.44,20299.20763113,,,,,,,,,,,,,,,
2019-08-20 19:00:00,10759.9,10800.0,9853.2,10125.0,8841.95813426,196.51,197.07,179.94,187.27,44413.96695686,,,,,,,,,,,,,,,
2019-08-21 19:00:00,10125.0,10233.9,9752.2,10107.9,6511.37064984,187.28,195.00,182.63,190.45,47148.66365156,,,,,,,,,,,,,,,
2019-08-22 19:00:00,10105.2,10478.6,10037.7,10406.3,4021.56715700,190.53,197.14,188.30,194.36,35559.19076342,,,,,,,,,,,,,,,
2019-08-23 19:00:00,10407.5,10421.4,9883.4,10140.5,4180.40112259,194.35,194.53,185.51,190.96,29429.10860344,,,,,,,,,,,,,,,
2019-08-24 19:00:00,10148.7,10398.6,9910.1,10134.5,4209.49104422,190.80,192.76,182.49,186.72,24294.28377398,,,,,,,,,,,,,,,
2019-08-25 19:00:00,10142.1,10697.9,10142.1,10364.6,7297.68866568,186.56,194.49,185.31,188.35,43182.40691150,,,,,,,,,,,,,,,
2019-08-26 19:00:00,10364.4,10387.9,10033.0,10177.3,3401.11595726,188.36,189.00,184.56,187.07,25288.73282722,,,,,,,,,,,,,,,
2019-08-27 19:00:00,10180.0,10297.7,9533.0,9716.1,6687.99385334,187.20,188.13,166.00,172.81,63626.74111653,,,,,,,,,,,,,,,
2019-08-28 19:00:00,9714.9,9714.9,9307.8,9484.3,5907.22044466,172.79,173.36,163.49,168.82,48129.48387562,,,,,,,,,,,,,,,
2019-08-29 19:00:00,9484.7,9708.0,9350.5,9578.0,4391.33914057,168.99,170.36,165.52,168.25,31247.71976106,,,,,,,,,,,,,,,
2019-08-30 19:00:00,9577.9,9690.0,9400.0,9604.3,1980.08707079,168.30,174.90,165.93,171.92,21736.48215600,,,,,,,,,,,,,,,
2019-08-31 19:00:00,9602.1,9850.0,9540.8,9764.9,2143.79286394,171.92,173.59,167.67,171.38,23616.15996143,,,,,,,,,,,,,,,
2019-09-01 19:00:00,9765.0,10490.0,9752.8,10389.5,6360.47932096,171.32,181.69,170.62,178.84,31732.44241039,,,,,,,,,,,,,,,
2019-09-02 19:00:00,10389.6,10785.6,10271.6,10614.6,7101.50581787,178.94,183.17,174.95,179.12,43029.49253381,,,,,,,,,,,,,,,
2019-09-03 19:00:00,10619.7,10892.1,10319.0,10584.9,6149.09377268,179.00,180.64,173.69,175.02,39018.65743617,,,,,,,,,,,,,,,
2019-09-04 19:00:00,10585.0,10662.4,10457.3,10574.9,3484.58759942,174.47,175.80,170.22,174.00,31718.28910524,,,,,,,,,,,,,,,
2019-09-05 19:00:00,10577.5,10947.0,10145.3,10311.8,8328.94549932,174.01,178.40,165.20,169.15,45120.93977450,,,,,,,,,,,,,,,
2019-09-06 19:00:00,10307.5,10569.1,10307.5,10483.4,2190.39254856,169.16,181.01,168.41,178.25,32108.34723884,,,,,,,,,,,,,,,
2019-09-07 19:00:00,10483.3,10599.1,10240.9,10408.6,2078.25440436,178.26,184.56,176.52,181.61,44192.94595670,,,,,,,,,,,,,,,
2019-09-08 19:00:00,10398.9,10523.0,10051.0,10314.5,4756.56870284,181.53,186.59,175.87,180.89,46738.51131929,,,,,,,,,,,,,,,
2019-09-09 19:00:00,10309.2,10388.0,9938.1,10094.5,4302.89474056,180.88,184.58,176.60,180.06,30348.01115297,,,,,,,,,,,,,,,
2019-09-10 19:00:00,10097.0,10250.0,9886.5,10160.7,5419.95480161,179.64,182.38,174.33,178.47,35898.13418387,,,,,,,,,,,,,,,
2019-09-11 19:00:00,10161.0,10479.9,10040.1,10420.0,4997.36568605,178.49,182.70,176.51,180.99,18353.15092312,,,,,,,,,,,,,,,
2019-09-12 19:00:00,10419.8,12000.0,8000.0,10362.1,4222.08556358,181.32,181.87,177.62,181.25,18111.55979699,,,,,,,,,,,,,,,
2019-09-13 19:00:00,10362.2,10440.0,10210.7,10363.2,2090.84296902,181.32,189.33,180.21,188.68,38821.25696926,,,,,,,,,,,,,,,
2019-09-14 19:00:00,10363.5,10380.0,10270.1,10311.3,1231.07158466,188.83,190.99,186.60,189.45,25717.40867211,,,,,,,,,,,,,,,
2019-09-15 19:00:00,10311.3,10374.7,10000.0,10260.6,3342.93445037,189.72,199.83,188.58,197.72,71386.20353149,,,,,,,,,,,,,,,
2019-09-16 19:00:00,10260.7,10276.3,10134.7,10190.0,2862.78629000,197.88,215.39,196.10,207.88,86983.34483402,,,,,,,,,,,,,,,
2019-09-17 19:00:00,10188.0,10259.9,10041.8,10157.6,2947.65276632,207.96,218.53,207.87,210.23,70502.86850581,,,,,,,,,,,,,,,
2019-09-18 19:00:00,10157.7,10375.0,9633.8,10274.4,6317.87392557,210.24,224.80,202.10,220.79,111845.13986145,,,,,,,,,,,,,,,
2019-09-19 19:00:00,10274.4,10310.0,10069.0,10173.3,2979.57136009,220.84,221.93,212.20,218.10,49725.60113237,,,,,,,,,,,,,,,
2019-09-20 19:00:00,10173.8,10175.1,9903.7,9978.4,2133.83021089,218.07,221.62,213.30,214.94,40639.09833504,,,,,,,,,,,,,,,
2019-09-21 19:00:00,9980.0,10080.0,9850.0,10029.1,2127.34441348,214.94,215.41,206.13,211.07,40564.92954506,,,,,,,,,,,,,,,
2019-09-22 19:00:00,10029.2,10045.4,9615.0,9686.9,4041.35507992,211.54,211.54,198.20,200.77,61457.19318368,,,,,,,,,,,,,,,
2019-09-23 19:00:00,9696.0,9776.0,8046.0,8536.7,16439.01384206,200.99,202.80,152.40,166.28,190344.13938568,,,,,,,,,,,,,,,
2019-09-24 19:00:00,8535.0,8743.6,8000.0,8439.0,10165.91765298,166.28,174.94,162.28,169.92,89526.30206683,,,,,,,,,,,,,,,
2019-09-25 19:00:00,8439.0,8465.7,7730.0,8060.3,10824.42109647,169.92,170.90,151.86,165.88,99769.86035769,,,,,,,,,,,,,,,
2019-09-26 19:00:00,8063.0,8290.0,7850.0,8196.0,7405.79814858,165.97,177.10,161.06,174.46,62208.64685932,,,,,,,,,,,,,,,
2019-09-27 19:00:00,8195.9,8426.0,8024.9,8213.5,3824.92774834,174.43,175.98,168.02,173.96,38467.37473070,,,,,,,,,,,,,,,
2019-09-28 19:00:00,8214.0,8240.3,7909.0,8053.1,4937.63306462,173.91,174.62,164.47,169.36,38764.08825500,,,,,,,,,,,,,,,
2019-09-29 19:00:00,8053.3,8363.0,7655.0,8310.0,7532.44669163,169.36,181.62,165.22,181.53,80948.59461211,,,,,,,,,,,,,,,
2019-09-30 19:00:00,8310.0,8540.0,8201.8,8323.0,7856.25020541,181.16,185.79,173.09,176.49,74406.22562268,,,,,,,,,,,,,,,
2019-10-01 19:00:00,8323.0,8389.0,8168.2,8382.3,3884.72475803,176.06,181.57,174.10,180.88,35340.44147993,,,,,,,,,,,,,,,
2019-10-02 19:00:00,8382.2,8411.7,8070.1,8238.1,5110.21641641,180.88,181.16,170.00,174.79,55306.83288001,,,,,,,,,,,,,,,
2019-10-03 19:00:00,8245.4,8248.0,8001.0,8152.2,3962.29288913,174.95,179.35,171.15,175.82,32213.52683354,,,,,,,,,,,,,,,
2019-10-04 19:00:00,8155.0,8211.4,8023.3,8148.4,2165.33338854,175.89,177.19,171.58,176.58,25424.16046762,,,,,,,,,,,,,,,
2019-10-05 19:00:00,8150.8,8181.6,7780.0,7863.0,4761.79735033,176.66,177.17,167.75,170.33,50522.45944349,,,,,,,,,,,,,,,
2019-10-06 19:00:00,7863.0,8316.2,7769.7,8213.4,6458.49396534,170.13,182.93,168.64,180.42,54199.77250830,,,,,,,,,,,,,,,
2019-10-07 19:00:00,8213.4,8348.0,8112.1,8189.6,3839.86688141,180.27,185.34,177.54,181.00,39275.10709632,,,,,,,,,,,,,,,
2019-10-08 19:00:00,8180.2,8690.0,8118.1,8590.8,6095.51566733,180.94,196.20,179.30,193.50,66121.98332884,,,,,,,,,,,,,,,
2019-10-09 19:00:00,8589.9,8660.0,8456.8,8588.6,4491.79646465,193.23,194.81,187.95,191.56,34227.19052060,,,,,,,,,,,,,,,
2019-10-10 19:00:00,8588.6,8932.5,8230.3,8270.6,6684.48836003,191.85,197.45,179.61,180.83,67001.65392637,,,,,,,,,,,,,,,
2019-10-11 19:00:00,8269.3,8419.9,8265.0,8305.1,1335.94794356,180.89,184.71,177.68,179.93,29536.21477828,,,,,,,,,,,,,,,
2019-10-12 19:00:00,8305.1,8470.5,8144.4,8280.0,2659.77926754,179.93,184.98,178.79,181.09,20750.56512872,,,,,,,,,,,,,,,
2019-10-13 19:00:00,8280.0,8421.6,8214.6,8354.6,2175.19513106,181.00,187.71,180.54,186.78,35519.62634984,,,,,,,,,,,,,,,
2019-10-14 19:00:00,8354.6,8419.1,8060.5,8164.5,3446.28557862,186.98,188.66,177.00,180.52,53928.89932058,,,,,,,,,,,,,,,
2019-10-15 19:00:00,8164.5,8176.2,7916.0,8000.0,4175.76513585,180.49,181.19,171.62,174.39,41341.03493268,,,,,,,,,,,,,,,
2019-10-16 19:00:00,8000.1,8136.4,7938.8,8077.1,3371.34839504,174.39,179.21,172.77,177.42,34198.62160618,,,,,,,,,,,,,,,
2019-10-17 19:00:00,8077.1,8113.9,7821.0,7956.4,4812.45299948,177.37,177.42,167.59,173.00,53136.76815807,,,,,,,,,,,,,,,
2019-10-18 19:00:00,7956.3,8104.7,7878.6,7958.9,2506.19289998,173.01,175.41,169.76,171.83,23703.60632533,,,,,,,,,,,,,,,
2019-10-19 19:00:00,7960.0,8305.0,7882.5,8240.2,3549.21261809,172.00,176.60,169.45,175.55,26383.74476503,,,,,,,,,,,,,,,
2019-10-20 19:00:00,8240.1,8387.3,8136.0,8217.8,3238.66567053,175.55,178.34,171.53,174.48,31088.07588559,,,,,,,,,,,,,,,
2019-10-21 19:00:00,8210.3,8325.0,8000.0,8020.6,4402.04347714,174.31,175.40,170.52,171.29,19941.29076523,,,,,,,,,,,,,,,
2019-10-22 19:00:00,8020.6,8050.3,7302.0,7475.0,9256.02935576,171.28,171.41,153.00,162.37,87170.45734459,,,,,,,,,,,,,,,
2019-10-23 19:00:00,7473.9,7520.0,7360.0,7428.5,3888.46848210,162.44,163.89,158.40,160.87,38159.95672086,,,,,,,,,,,,,,,
2019-10-24 19:00:00,7426.4,8788.0,7400.0,8665.2,11146.74642007,160.86,188.17,160.58,181.83,83631.99580758,,,,,,,,,,,,,,,
2019-10-25 19:00:00,8669.4,10580.5,8646.6,9258.2,21100.98544246,182.03,199.00,174.01,180.22,110395.06789908,,,,,,,,,,,,,,,
2019-10-26 19:00:00,9261.7,9821.0,9106.3,9543.1,8972.37687837,180.34,189.14,177.07,184.00,39571.80542001,,,,,,,,,,,,,,,
2019-10-27 19:00:00,9554.1,9936.5,9187.6,9218.7,7774.23664903,184.37,189.90,180.82,182.00,31560.67525802,,,,,,,,,,,,,,,
2019-10-28 19:00:00,9217.1,9563.8,9030.0,9435.7,6443.02327089,182.00,193.45,181.79,191.13,46929.87167012,,,,,,,,,,,,,,,
2019-10-29 19:00:00,9435.1,9435.3,9000.0,9166.2,4885.88440327,191.05,192.93,179.22,183.54,50814.84781916,,,,,,,,,,,,,,,
2019-10-30 19:00:00,9163.9,9459.7,8949.6,9146.7,5161.90035164,183.49,185.55,177.47,182.45,37759.32098918,,,,,,,,,,,,,,,
2019-10-31 19:00:00,9151.9,9323.4,9058.1,9258.9,3424.08898477,182.44,184.70,177.44,183.23,22256.56409139,,,,,,,,,,,,,,,
2019-11-01 19:00:00,9258.2,9392.0,9204.4,9303.6,2319.75219001,183.25,186.07,182.08,183.00,15284.58745877,,,,,,,,,,,,,,,
2019-11-02 19:00:00,9303.6,9383.7,9080.0,9209.3,1976.07497804,183.00,184.93,179.01,181.56,15138.95683384,,,,,,,,,,,,,,,
2019-11-03 18:00:00,9209.9,9600.0,9130.0,9415.3,4210.55547002,181.69,189.39,180.32,186.19,29054.98822141,,,,,,,,,,,,,,,
2019-11-04 18:00:00,9415.2,9534.7,9175.0,9315.4,3879.89314136,186.24,192.54,182.62,188.70,42868.78871751,,,,,,,,,,,,,,,
2019-11-05 18:00:00,9313.0,9444.0,9255.0,9338.4,2425.04943523,188.63,194.71,188.00,191.06,24004.10197528,,,,,,,,,,,,,,,
2019-11-06 18:00:00,9339.6,9375.0,9084.9,9205.0,2735.36761936,191.47,192.08,184.28,186.34,25396.61293992,,,,,,,,,,,,,,,
2019-11-07 18:00:00,9205.0,9247.6,8675.0,8766.0,6097.43096545,186.49,188.16,180.75,183.64,34484.58634699,,,,,,,,,,,,,,,
2019-11-08 18:00:00,8765.9,8877.2,8721.0,8812.0,1669.90248078,183.55,185.78,182.71,184.85,10000.59453849,,,,,,,,,,,,,,,
2019-11-09 18:00:00,8812.1,9147.6,8751.7,9039.1,2916.52294666,184.85,191.80,183.41,188.90,20371.05491742,,,,,,,,,,,,,,,
2019-11-10 18:00:00,9039.0,9068.2,8610.0,8717.0,3855.37696814,188.90,189.96,183.82,184.68,17253.94159183,,,,,,,,,,,,,,,
2019-11-11 18:00:00,8717.0,8868.1,8560.0,8812.8,3351.96032150,184.68,187.37,182.00,186.93,29097.24711873,,,,,,,,,,,,,,,
2019-11-12 18:00:00,8812.8,8839.7,8709.6,8762.1,1944.95884718,186.94,189.81,185.12,187.75,21661.49666446,,,,,,,,,,,,,,,
2019-11-13 18:00:00,8763.9,8785.0,8561.0,8632.1,2648.09074564,187.81,188.39,182.42,184.50,15383.64371775,,,,,,,,,,,,,,,
2019-11-14 18:00:00,8632.0,8780.0,8375.4,8456.0,4632.18232862,184.60,186.60,176.95,179.86,39219.80179235,,,,,,,,,,,,,,,
2019-11-15 18:00:00,8455.9,8530.0,8430.0,8485.1,1557.17076091,179.87,183.16,179.17,182.16,10332.39848006,,,,,,,,,,,,,,,
2019-11-16 18:00:00,8487.0,8630.0,8363.5,8503.2,2173.98903092,182.17,186.25,179.85,183.77,13876.85745229,,,,,,,,,,,,,,,
2019-11-17 18:00:00,8503.2,8503.2,8030.0,8170.1,5103.11313161,183.76,183.84,174.38,177.90,26413.32470640,,,,,,,,,,,,,,,
2019-11-18 18:00:00,8168.8,8198.7,7987.2,8122.1,3917.41024362,177.91,178.07,172.52,175.64,27369.67701648,,,,,,,,,,,,,,,
2019-11-19 18:00:00,8124.9,8220.0,8030.0,8083.1,3329.92013303,175.70,177.32,173.27,174.26,14652.06821840,,,,,,,,,,,,,,,
2019-11-20 18:00:00,8083.1,8116.5,7399.0,7619.1,7275.88164828,174.25,175.50,156.00,161.01,59277.24796218,,,,,,,,,,,,,,,
2019-11-21 18:00:00,7619.1,7719.3,6761.0,7284.8,13608.74536290,161.03,162.82,138.00,149.79,102149.99234312,,,,,,,,,,,,,,,
2019-11-22 18:00:00,7284.7,7339.9,7105.2,7322.6,3450.73182725,149.78,154.25,146.50,151.97,31431.35380788,,,,,,,,,,,,,,,
2019-11-23 18:00:00,7322.5,7344.0,6836.9,6903.9,5289.08708673,152.01,153.16,138.34,140.12,40047.96439192,,,,,,,,,,,,,,,
2019-11-24 18:00:00,6903.9,7372.6,6525.0,7127.8,11883.52113364,140.00,151.77,132.00,146.35,105290.16887198,,,,,,,,,,,,,,,
2019-11-25 18:00:00,7125.8,7340.0,7025.0,7161.6,5289.89588850,145.94,149.82,143.49,147.75,29593.95773773,,,,,,,,,,,,,,,
2019-11-26 18:00:00,7161.6,7676.9,6854.5,7525.9,10280.36034579,147.69,155.96,141.10,152.85,47037.12781410,,,,,,,,,,,,,,,
2019-11-27 18:00:00,7523.8,7654.0,7373.2,7427.9,5151.04888594,153.19,154.82,149.44,151.23,31165.05520831,,,,,,,,,,,,,,,
2019-11-28 18:00:00,7427.9,7867.5,7412.4,7756.8,5710.64889357,151.07,157.98,150.69,154.78,30056.14627629,,,,,,,,,,,,,,,
2019-11-29 18:00:00,7756.6,7810.0,7452.1,7558.9,3783.84486788,154.80,155.34,150.01,151.74,14873.78835592,,,,,,,,,,,,,,,
2019-11-30 18:00:00,7558.9,7558.9,7228.8,7398.4,5458.62057674,151.61,152.49,146.00,150.76,24838.45676913,,,,,,,,,,,,,,,
2019-12-01 18:00:00,7398.3,7426.7,7160.1,7305.8,4088.18681186,151.00,151.49,146.96,148.85,15592.44849685,,,,,,,,,,,,,,,
2019-12-02 18:00:00,7304.0,7410.0,7245.0,7294.1,2968.67134190,148.86,149.95,145.08,147.37,18640.63331872,,,,,,,,,,,,,,,
2019-12-03 18:00:00,7299.5,7800.6,7068.2,7190.5,8221.35626433,147.23,153.12,143.25,145.30,42277.66913279,,,,,,,,,,,,,,,
2019-12-04 18:00:00,7196.2,7488.8,7157.9,7394.0,5740.72927962,145.29,148.85,143.91,147.99,19184.23735765,,,,,,,,,,,,,,,
2019-12-05 18:00:00,7395.0,7611.3,7311.0,7545.7,4660.87827212,148.10,149.80,145.94,148.90,15708.92302449,,,,,,,,,,,,,,,
2019-12-06 18:00:00,7546.3,7630.0,7491.3,7509.2,1904.40188544,148.97,149.80,147.12,147.37,13665.20153455,,,,,,,,,,,,,,,
2019-12-07 18:00:00,7507.2,7583.1,7400.0,7521.0,2035.40111552,147.28,151.90,146.45,150.72,19525.02992955,,,,,,,,,,,,,,,
2019-12-08 18:00:00,7518.7,7666.0,7256.7,7334.5,6674.37114463,150.64,151.35,146.42,147.45,22257.12545018,,,,,,,,,,,,,,,
2019-12-09 18:00:00,7334.5,7398.0,7160.0,7219.3,3914.44131465,147.24,148.19,143.41,145.58,23633.62145146,,,,,,,,,,,,,,,
2019-12-10 18:00:00,7218.7,7273.8,7125.0,7202.0,2841.93672577,145.56,146.22,142.00,143.19,16288.77260208,,,,,,,,,,,,,,,
2019-12-11 18:00:00,7201.9,7294.9,7077.0,7190.1,4286.99055883,143.22,145.73,139.00,144.79,27320.09475329,,,,,,,,,,,,,,,
2019-12-12 18:00:00,7190.2,7300.0,7182.7,7251.9,2900.50069874,144.89,145.10,142.48,144.49,18838.87344789,,,,,,,,,,,,,,,
2019-12-13 18:00:00,7251.9,7272.1,7010.0,7067.5,2770.37930834,144.50,145.05,141.06,141.77,14956.87092697,,,,,,,,,,,,,,,
2019-12-14 18:00:00,7067.5,7203.0,7010.0,7113.7,2347.93806361,141.75,143.85,139.65,142.28,18787.77660637,,,,,,,,,,,,,,,
2019-12-15 18:00:00,7112.8,7140.0,6800.0,6876.7,5102.80519991,142.49,142.49,130.00,132.47,65474.65517634,,,,,,,,,,,,,,,
2019-12-16 18:00:00,6877.4,6939.0,6563.0,6611.1,6131.25752861,132.48,132.74,119.62,121.75,78294.31348274,,,,,,,,,,,,,,,
2019-12-17 18:00:00,6612.9,7488.2,6430.2,7287.9,11212.51153387,121.75,134.86,115.44,132.88,95833.63256131,,,,,,,,,,,,,,,
2019-12-18 18:00:00,7293.4,7379.8,7045.0,7149.8,5337.33561706,132.88,133.99,125.77,128.12,50912.03491596,,,,,,,,,,,,,,,
2019-12-19 18:00:00,7150.5,7218.0,7076.7,7191.5,3440.04081588,128.24,129.37,125.97,128.26,25148.43669005,,,,,,,,,,,,,,,
2019-12-20 18:00:00,7191.6,7191.6,7117.6,7143.5,1353.22286945,128.38,128.44,126.68,127.02,12441.33838344,,,,,,,,,,,,,,,
2019-12-21 18:00:00,7143.5,7526.9,7124.0,7510.0,4534.82935907,127.02,133.20,127.00,132.41,36072.48915499,,,,,,,,,,,,,,,
2019-12-22 18:00:00,7510.1,7690.5,7265.0,7324.0,7541.52758700,132.55,135.10,126.10,128.00,34183.82736198,,,,,,,,,,,,,,,
2019-12-23 18:00:00,7315.2,7420.4,7160.0,7253.3,4866.13430740,127.88,129.46,126.64,127.74,16689.90589857,,,,,,,,,,,,,,,
2019-12-24 18:00:00,7252.9,7271.8,7116.1,7192.1,3360.65679731,127.72,127.79,122.96,124.87,28284.10340789,,,,,,,,,,,,,,,
2019-12-25 18:00:00,7193.0,7428.9,7150.0,7195.5,3667.03100747,124.96,131.96,124.19,125.51,28189.66838860,,,,,,,,,,,,,,,
2019-12-26 18:00:00,7196.4,7255.0,6934.8,7246.4,3927.39409090,125.48,126.70,122.22,126.25,25132.29796013,,,,,,,,,,,,,,,
2019-12-27 18:00:00,7246.6,7350.0,7234.9,7300.1,2522.15801625,126.22,129.79,125.91,127.83,16336.62316592,,,,,,,,,,,,,,,
2019-12-28 18:00:00,7300.6,7531.4,7280.0,7391.0,3018.85255099,127.82,137.81,127.37,134.31,34606.12302591,,,,,,,,,,,,,,,
2019-12-29 18:00:00,7383.4,7383.4,7200.0,7209.7,3737.33575952,134.25,136.02,129.86,131.10,30602.47547173,,,,,,,,,,,,,,,
2019-12-30 18:00:00,7216.4,7301.1,7110.0,7168.3,2652.13508878,130.85,133.28,127.79,128.59,24567.96700613,,,,,,,,,,,,,,,
2019-12-31 18:00:00,7168.3,7235.0,7150.0,7174.4,1827.63489373,128.66,132.86,128.19,130.33,13374.45470440,,,,,,,,,,,,,,,
2020-01-01 18:00:00,7174.4,7185.8,6915.0,6942.3,4057.33154562,130.26,130.26,126.00,126.72,25761.75293485,,,,,,,,,,,,,,,
2020-01-02 18:00:00,6943.4,7397.3,6860.0,7334.8,8120.49140472,126.70,134.72,125.40,134.00,50257.31962755,,,,,,,,,,,,,,,
2020-01-03 18:00:00,7333.2,7396.4,7260.0,7350.2,2912.37313055,134.19,135.91,132.58,134.14,16218.07297960,,,,,,,,,,,,,,,
2020-01-04 18:00:00,7350.2,7493.3,7301.1,7346.9,2904.09349400,134.12,138.30,133.83,135.27,28960.23970127,,,,,,,,,,,,,,,
2020-01-05 18:00:00,7347.2,7800.0,7339.2,7757.3,5994.07494460,135.09,144.57,134.86,144.34,67256.59468463,,,,,,,,,,,,,,,
2020-01-06 18:00:00,7760.0,8252.5,7727.1,8160.0,10390.75619972,144.30,145.32,138.98,143.20,50304.24822416,,,,,,,,,,,,,,,
2020-01-07 18:00:00,8160.3,8464.3,7875.0,8043.3,12263.42855540,143.02,147.95,137.03,140.70,93275.55402786,,,,,,,,,,,,,,,
2020-01-08 18:00:00,8043.3,8043.7,7749.9,7818.0,6127.63939749,140.70,141.57,135.33,137.91,33496.80997001,,,,,,,,,,,,,,,
2020-01-09 18:00:00,7818.1,8191.9,7666.3,8191.9,8032.13512482,137.75,145.32,135.14,144.92,47163.99868057,,,,,,,,,,,,,,,
2020-01-10 18:00:00,8191.9,8319.5,7999.3,8026.2,4806.77769559,144.87,147.92,141.28,142.62,43161.30240365,,,,,,,,,,,,,,,
2020-01-11 18:00:00,8023.3,8185.0,7951.2,8177.3,2330.06754714,142.23,146.50,141.53,146.50,21408.86145823,,,,,,,,,,,,,,,
2020-01-12 18:00:00,8177.3,8188.8,8036.8,8104.0,2714.88825152,146.45,146.99,142.00,143.58,27611.29676560,,,,,,,,,,,,,,,
2020-01-13 18:00:00,8104.1,8892.0,8104.1,8815.5,15537.34136256,143.57,170.00,143.45,166.19,138641.14112340,,,,,,,,,,,,,,,
2020-01-14 18:00:00,8815.5,8900.0,8560.0,8810.3,8031.77698958,165.81,171.61,159.05,166.31,72351.03851665,,,,,,,,,,,,,,,
2020-01-15 18:00:00,8808.4,8846.2,8579.4,8717.8,4960.81372289,166.60,167.27,158.42,164.17,55814.80472928,,,,,,,,,,,,,,,
2020-01-16 18:00:00,8717.9,9004.0,8657.7,8901.5,8148.70639247,164.04,174.00,161.98,169.59,106510.41774259,,,,,,,,,,,,,,,
2020-01-17 18:00:00,8898.5,8975.0,8810.0,8907.7,3915.30406409,169.60,179.00,164.87,174.03,83959.96597290,,,,,,,,,,,,,,,
2020-01-18 18:00:00,8905.3,9185.0,8470.0,8705.8,8532.30267690,173.96,178.06,161.77,166.84,76137.29295796,,,,,,,,,,,,,,,
2020-01-19 18:00:00,8705.8,8731.9,8510.0,8629.4,3779.49236180,166.81,169.20,160.90,166.61,65225.53785335,,,,,,,,,,,,,,,
2020-01-20 18:00:00,8628.7,8782.2,8333.0,8723.3,4521.51907233,166.64,170.01,164.61,169.30,36287.81872113,,,,,,,,,,,,,,,
2020-01-21 18:00:00,8723.3,8795.0,8565.4,8659.0,3097.91256918,169.32,170.92,165.61,167.66,40014.34177396,,,,,,,,,,,,,,,
2020-01-22 18:00:00,8658.9,8662.1,8281.0,8390.1,5865.70003157,167.67,167.67,159.00,162.50,48632.65355460,,,,,,,,,,,,,,,
2020-01-23 18:00:00,8390.1,8505.5,8215.2,8426.8,4582.86030911,162.43,164.30,155.25,162.32,75924.15475931,,,,,,,,,,,,,,,
2020-01-24 18:00:00,8426.8,8427.8,8253.3,8325.0,2513.01012983,162.30,162.48,157.43,160.12,39880.62919832,,,,,,,,,,,,,,,
2020-01-25 18:00:00,8325.1,8601.9,8285.0,8592.7,3516.66680936,160.01,167.65,159.06,167.40,62458.01479199,,,,,,,,,,,,,,,
2020-01-26 18:00:00,8599.3,8979.0,8565.0,8891.8,6287.21715108,167.61,171.77,164.94,169.88,42983.69429777,,,,,,,,,,,,,,,
2020-01-27 18:00:00,8891.8,9420.7,8873.9,9399.9,8030.84078641,169.98,176.89,169.96,176.41,63422.92287084,,,,,,,,,,,,,,,
2020-01-28 18:00:00,9395.0,9438.3,9222.6,9280.9,5598.64605243,176.41,179.00,172.95,173.48,53185.49908975,,,,,,,,,,,,,,,
2020-01-29 18:00:00,9281.2,9568.1,9060.0,9500.0,8016.28534864,173.38,186.60,170.50,184.34,119343.93523638,,,,,,,,,,,,,,,
2020-01-30 18:00:00,9500.5,9520.0,9200.0,9339.3,4869.46275806,184.40,185.47,175.00,179.68,48474.96080572,,,,,,,,,,,,,,,
2020-01-31 18:00:00,9337.1,9453.9,9283.5,9377.1,1680.52574219,179.68,184.00,178.92,183.41,28477.95884968,,,,,,,,,,,,,,,
2020-02-01 18:00:00,9377.0,9473.1,9150.0,9322.2,3269.38968378,183.40,193.30,178.90,188.25,58669.37701892,,,,,,,,,,,,,,,
2020-02-02 18:00:00,9322.2,9610.0,9225.0,9281.0,4995.34829891,188.16,195.14,186.43,189.78,46618.35620077,,,,,,,,,,,,,,,
2020-02-03 18:00:00,9280.8,9348.7,9078.8,9159.3,3809.73133955,189.48,191.28,184.00,188.35,49348.68733562,,,,,,,,,,,,,,,
2020-02-04 18:00:00,9159.3,9765.0,9150.2,9616.2,6914.05347554,188.35,207.95,187.71,203.76,83023.94839104,,,,,,,,,,,,,,,
2020-02-05 18:00:00,9612.8,9853.0,9520.0,9754.7,5888.03835585,203.76,216.40,201.19,212.92,99622.64500428,,,,,,,,,,,,,,,
2020-02-06 18:00:00,9754.7,9883.6,9715.0,9799.6,3687.00812773,213.10,224.77,213.10,222.91,96326.78752993,,,,,,,,,,,,,,,
2020-02-07 18:00:00,9799.6,9942.0,9658.0,9904.3,3479.91913592,222.86,228.00,213.41,223.27,101689.63207670,,,,,,,,,,,,,,,
2020-02-08 18:00:00,9901.6,10180.0,9887.4,10160.1,4824.28468491,223.30,230.80,222.98,228.64,70206.97449789,,,,,,,,,,,,,,,
2020-02-09 18:00:00,10159.1,10200.0,9760.0,9850.1,5740.53752184,228.79,229.40,216.60,223.00,73387.31091620,,,,,,,,,,,,,,,
2020-02-10 18:00:00,9850.1,10409.2,9707.0,10273.2,7498.78791986,223.01,239.89,217.70,237.83,96819.06839825,,,,,,,,,,,,,,,
2020-02-11 18:00:00,10271.6,10486.9,10218.0,10354.6,6776.93755974,238.06,275.88,238.06,266.40,180386.24383892,,,,,,,,,,,,,,,
2020-02-12 18:00:00,10352.6,10516.6,10060.3,10241.6,7307.31061568,266.56,278.00,254.22,268.64,138631.31622842,,,,,,,,,,,,,,,
2020-02-13 18:00:00,10241.6,10390.0,10097.4,10370.8,3567.75073529,268.60,287.71,259.63,285.96,97551.99876697,,,,,,,,,,,,,,,
2020-02-14 18:00:00,10369.5,10400.0,9766.9,9904.6,3626.96333990,285.88,288.98,261.00,264.92,115019.54091253,,,,,,,,,,,,,,,
2020-02-15 18:00:00,9904.5,10046.8,9632.0,9923.9,3239.16987186,264.74,274.03,237.00,258.82,125637.05309051,,,,,,,,,,,,,,,
2020-02-16 18:00:00,9921.1,9961.5,9476.4,9702.1,4759.25765662,258.97,268.99,242.51,268.22,108345.17749976,,,,,,,,,,,,,,,
2020-02-17 18:00:00,9702.2,10281.0,9615.0,10180.0,4946.63002769,268.19,286.49,259.46,282.82,117604.64423013,,,,,,,,,,,,,,,
2020-02-18 18:00:00,10180.3,10300.0,9346.0,9602.2,6771.75337086,283.00,287.00,251.25,258.85,110871.69605685,,,,,,,,,,,,,,,
2020-02-19 18:00:00,9602.0,9704.9,9350.0,9610.7,4154.07286871,258.61,264.24,244.24,257.96,89228.36438694,,,,,,,,,,,,,,,
2020-02-20 18:00:00,9608.5,9771.4,9562.8,9698.2,2778.86679125,257.55,268.50,254.24,265.58,58126.81241369,,,,,,,,,,,,,,,
2020-02-21 18:00:00,9696.8,9717.6,9575.0,9671.5,1028.00120476,265.62,267.01,256.10,262.48,37601.63717446,,,,,,,,,,,,,,,
2020-02-22 18:00:00,9670.0,10022.0,9666.0,9966.1,2462.42622628,262.12,276.58,261.75,275.73,33439.82731264,,,,,,,,,,,,,,,
2020-02-23 18:00:00,9967.5,10022.8,9485.0,9664.6,4234.87059293,275.58,278.26,256.83,265.81,77309.34870926,,,,,,,,,,,,,,,
2020-02-24 18:00:00,9661.8,9677.4,9244.0,9309.5,4373.89747117,265.57,266.25,244.00,246.70,92993.81715936,,,,,,,,,,,,,,,
2020-02-25 18:00:00,9307.7,9365.6,8645.0,8783.5,8419.18472364,246.29,249.89,215.67,223.71,172998.02576401,,,,,,,,,,,,,,,
2020-02-26 18:00:00,8783.3,8968.0,8516.3,8810.3,4871.47143515,223.74,238.13,208.00,227.50,115934.47002126,,,,,,,,,,,,,,,
2020-02-27 18:00:00,8814.5,8895.0,8439.3,8715.5,5456.72459924,227.50,234.39,213.68,227.09,93764.78862581,,,,,,,,,,,,,,,
2020-02-28 18:00:00,8706.8,8795.0,8526.6,8529.1,2241.96592406,227.17,233.31,216.91,217.78,43962.85228050,,,,,,,,,,,,,,,
2020-02-29 18:00:00,8526.1,8750.0,8405.0,8530.0,3134.04788956,217.31,228.00,212.02,217.50,77111.93262878,,,,,,,,,,,,,,,
2020-03-01 18:00:00,8518.8,8965.0,8486.9,8924.7,4758.56506701,217.41,235.52,215.69,232.00,78810.66800248,,,,,,,,,,,,,,,
2020-03-02 18:00:00,8918.4,8924.1,8662.5,8752.8,3892.82816455,232.00,232.99,220.25,223.53,59952.57103945,,,,,,,,,,,,,,,
2020-03-03 18:00:00,8756.6,8844.0,8670.4,8758.7,3140.28034020,223.66,228.89,220.47,224.48,33625.53923481,,,,,,,,,,,,,,,
2020-03-04 18:00:00,8758.4,9170.0,8758.4,9066.0,4762.43290995,224.49,234.60,224.49,228.66,74773.41310502,,,,,,,,,,,,,,,
2020-03-05 18:00:00,9065.8,9175.0,9001.9,9154.9,3664.43951004,228.66,246.27,227.67,245.74,69928.42793991,,,,,,,,,,,,,,,
2020-03-06 18:00:00,9154.8,9213.0,8856.0,8899.5,2985.57244616,245.92,252.50,236.22,237.60,59102.82586000,,,,,,,,,,,,,,,
2020-03-07 18:00:00,8891.1,8891.1,8003.1,8035.6,7188.98135068,237.36,237.36,196.00,199.89,132693.27360075,,,,,,,,,,,,,,,
2020-03-08 19:00:00,8039.8,8185.0,7634.3,7927.8,9972.59475142,199.47,208.68,189.07,203.38,152922.60056281,,,,,,,,,,,,,,,
2020-03-09 19:00:00,7929.1,8153.5,7735.0,7886.9,7321.23320851,202.83,206.42,194.77,200.15,70710.79601339,,,,,,,,,,,,,,,
2020-03-10 19:00:00,7889.6,7986.1,7589.0,7943.3,6679.27569715,200.51,203.00,182.00,194.81,105387.20418327,,,,,,,,,,,,,,,
2020-03-11 19:00:00,7961.3,7967.3,4672.3,4850.0,39800.71505227,195.30,195.58,101.52,108.78,770373.30185225,,,,,,,,,,,,,,,
2020-03-12 19:00:00,4850.0,5999.0,3913.1,5630.2,45110.87342509,108.34,145.10,89.80,135.45,612320.30051391,,,,,,,,,,,,,,,
2020-03-13 19:00:00,5630.2,5664.9,5057.0,5162.2,11373.58938992,135.13,135.30,120.34,122.28,82316.32931866,,,,,,,,,,,,,,,
2020-03-14 19:00:00,5163.1,6002.2,5092.6,5340.1,14972.44241729,122.16,133.97,119.86,123.24,144781.81111011,,,,,,,,,,,,,,,
2020-03-15 19:00:00,5339.7,5345.8,4331.7,5042.3,25217.66913966,123.19,123.76,100.63,110.97,231027.39959911,,,,,,,,,,,,,,,
2020-03-16 19:00:00,5044.0,5565.1,4942.0,5331.7,17512.03843833,111.38,121.45,109.68,116.11,120621.74674374,,,,,,,,,,,,,,,
2020-03-17 19:00:00,5334.3,5450.0,5015.9,5415.2,17389.77099803,116.11,118.72,110.19,118.61,114191.54368246,,,,,,,,,,,,,,,
2020-03-18 19:00:00,5419.3,6433.6,5270.1,6184.5,21672.56794101,118.57,143.34,115.84,136.75,185200.51424160,,,,,,,,,,,,,,,
2020-03-19 19:00:00,6185.3,7020.0,5680.0,6206.8,22752.76020803,136.72,153.49,115.00,133.50,244172.09812835,,,,,,,,,,,,,,,
2020-03-20 19:00:00,6207.0,6469.9,5850.0,6196.3,11088.60927023,133.51,138.33,125.79,132.64,99699.89953731,,,,,,,,,,,,,,,
2020-03-21 19:00:00,6196.3,6419.9,5748.7,5825.5,11834.23997828,132.64,137.38,108.10,122.38,153222.47403840,,,,,,,,,,,,,,,
2020-03-22 19:00:00,5820.6,6615.0,5688.1,6505.1,16490.58491787,122.23,138.25,119.26,136.58,132755.99364822,,,,,,,,,,,,,,,
2020-03-23 19:00:00,6498.4,6875.0,6404.0,6769.0,15187.88737389,136.53,144.30,133.19,139.22,113257.81622480,,,,,,,,,,,,,,,
2020-03-24 19:00:00,6766.8,6985.0,6462.5,6689.9,12154.11551176,138.97,143.43,132.68,136.35,73477.44447702,,,,,,,,,,,,,,,
2020-03-25 19:00:00,6690.0,6796.2,6524.8,6767.0,7007.12459154,136.35,140.04,133.57,139.01,57933.93256627,,,,,,,,,,,,,,,
2020-03-26 19:00:00,6764.2,6869.0,6280.0,6376.4,9964.06390661,139.10,141.83,129.19,131.59,58091.82679527,,,,,,,,,,,,,,,
2020-03-27 19:00:00,6376.3,6376.4,6039.0,6251.8,9047.77713744,131.59,133.30,125.00,131.38,62692.41574059,,,,,,,,,,,,,,,
2020-03-28 19:00:00,6252.6,6281.1,5866.3,5875.0,6451.48074249,131.27,131.99,123.94,124.36,52229.76819615,,,,,,,,,,,,,,,
2020-03-29 19:00:00,5875.0,6640.0,5851.0,6403.2,11024.05146764,124.35,135.47,124.02,132.28,64030.52893773,,,,,,,,,,,,,,,
2020-03-30 19:00:00,6403.8,6525.0,6336.0,6422.1,6173.38589792,132.13,135.36,130.35,133.10,39716.41548797,,,,,,,,,,,,,,,
2020-03-31 19:00:00,6422.2,6710.0,6157.4,6662.9,11298.75259834,133.02,137.41,128.85,135.88,58248.00621362,,,,,,,,,,,,,,,
2020-04-01 19:00:00,6662.9,7269.0,6576.4,6803.8,18344.45513512,136.43,150.70,135.65,141.48,93165.67368694,,,,,,,,,,,,,,,
2020-04-02 19:00:00,6800.5,7053.3,6610.0,6738.6,11139.79871481,141.42,146.90,137.10,141.32,65305.51773647,,,,,,,,,,,,,,,
2020-04-03 19:00:00,6738.6,7002.0,6654.5,6873.2,6160.36258014,141.34,146.63,139.09,144.40,34593.66578298,,,,,,,,,,,,,,,
2020-04-04 19:00:00,6873.0,6910.1,6681.8,6779.4,3842.23364298,144.41,145.96,140.80,142.88,24456.34932635,,,,,,,,,,,,,,,
2020-04-05 19:00:00,6778.7,7370.0,6774.2,7343.5,12052.07455138,142.90,172.40,142.85,171.64,136778.41104260,,,,,,,,,,,,,,,
2020-04-06 19:00:00,7342.3,7474.9,7080.0,7206.2,10959.24109233,171.64,176.55,162.15,164.60,125730.28021148,,,,,,,,,,,,,,,
2020-04-07 19:00:00,7204.7,7425.7,7157.0,7368.0,7513.67368316,164.59,174.62,163.52,173.78,102335.58415250,,,,,,,,,,,,,,,
2020-04-08 19:00:00,7366.3,7378.1,7091.9,7294.1,7172.46709718,173.78,174.04,165.25,169.92,70517.10190078,,,,,,,,,,,,,,,
2020-04-09 19:00:00,7294.1,7304.5,6750.0,6873.8,10944.24981389,169.74,170.33,152.46,158.17,113571.99312983,,,,,,,,,,,,,,,
2020-04-10 19:00:00,6873.7,6960.0,6771.4,6889.6,4297.11045169,158.17,161.53,154.20,158.58,38376.48478581,,,,,,,,,,,,,,,
2020-04-11 19:00:00,6886.8,7216.5,6795.0,6903.7,7413.51868624,158.59,165.84,155.45,158.72,89898.13086092,,,,,,,,,,,,,,,
2020-04-12 19:00:00,6903.7,6903.9,6560.0,6861.6,10209.63615758,158.73,159.47,150.00,156.77,91555.93340983,,,,,,,,,,,,,,,
2020-04-13 19:00:00,6862.1,6985.0,6772.7,6874.5,5897.65064809,156.99,162.26,155.55,158.59,45030.56173358,,,,,,,,,,,,,,,
2020-04-14 19:00:00,6874.6,6938.8,6601.0,6619.8,6376.29262691,158.51,161.47,151.82,152.62,59656.35534289,,,,,,,,,,,,,,,
2020-04-15 19:00:00,6618.1,7212.2,6478.6,7114.9,14381.39167045,152.62,175.41,147.00,172.73,176544.13394100,,,,,,,,,,,,,,,
2020-04-16 19:00:00,7112.4,7157.8,6989.7,7034.1,5728.81106563,172.69,175.00,168.38,170.92,69101.56013010,,,,,,,,,,,,,,,
2020-04-17 19:00:00,7034.5,7300.0,7025.4,7259.0,4787.19773175,170.91,189.89,170.80,187.65,107235.98876226,,,,,,,,,,,,,,,
2020-04-18 19:00:00,7258.9,7276.1,7066.2,7127.6,3469.26761388,187.84,188.66,176.00,180.22,86172.83774651,,,,,,,,,,,,,,,
2020-04-19 19:00:00,7125.8,7224.0,6760.2,6839.2,7408.89086987,180.19,186.76,166.13,170.49,172460.37980459,,,,,,,,,,,,,,,
2020-04-20 19:00:00,6838.2,6952.6,6773.1,6852.1,4638.37896165,170.40,174.79,168.32,170.99,59116.72231618,,,,,,,,,,,,,,,
2020-04-21 19:00:00,6855.0,7165.0,6819.8,7136.9,5933.87000545,170.94,184.69,170.09,183.16,86826.78907631,,,,,,,,,,,,,,,
2020-04-22 19:00:00,7136.8,7790.0,7035.2,7485.0,11413.46162252,183.03,194.38,178.52,185.68,138976.44358840,,,,,,,,,,,,,,,
2020-04-23 19:00:00,7489.8,7610.0,7370.0,7507.8,7417.32530007,185.64,190.24,184.20,187.72,110636.17408193,,,,,,,,,,,,,,,
2020-04-24 19:00:00,7509.4,7731.8,7442.2,7550.1,5605.49059654,187.81,198.00,185.81,194.52,86637.30531479,,,,,,,,,,,,,,,
2020-04-25 19:00:00,7550.0,7710.0,7480.0,7703.9,4518.49022689,194.51,200.00,192.50,197.83,77204.52167841,,,,,,,,,,,,,,,
2020-04-26 19:00:00,7706.6,7795.0,7629.7,7792.4,6358.90421104,197.85,199.33,187.30,196.84,79847.05457062,,,,,,,,,,,,,,,
2020-04-27 19:00:00,7792.4,7794.9,7671.1,7755.8,4236.80566423,196.72,198.10,192.42,196.71,68848.62727574,,,,,,,,,,,,,,,
2020-04-28 19:00:00,7753.0,8978.0,7727.6,8779.9,20471.05190692,197.05,219.09,196.75,215.45,143120.48978099,,,,,,,,,,,,,,,
2020-04-29 19:00:00,8779.9,9487.9,8410.0,8629.6,23985.38992569,215.45,227.53,202.40,206.20,153699.63632427,,,,,,,,,,,,,,,
2020-04-30 19:00:00,8628.3,9065.0,8628.3,8824.6,8508.44395579,206.16,217.42,206.14,211.88,69786.73062528,,,,,,,,,,,,,,,
2020-05-01 19:00:00,8831.0,9016.2,8756.4,8983.1,5759.28671375,211.98,215.71,210.54,214.11,41002.81001894,,,,,,,,,,,,,,,
2020-05-02 19:00:00,8983.2,9204.8,8714.0,8905.5,8379.61977310,214.04,219.32,203.80,209.90,69177.39109486,,,,,,,,,,,,,,,
2020-05-03 19:00:00,8910.9,8972.5,8534.0,8886.3,8240.87431951,210.08,210.80,195.15,206.99,117103.78706901,,,,,,,,,,,,,,,
2020-05-04 19:00:00,8890.7,9119.9,8780.0,9027.4,7421.48480588,207.00,212.19,200.82,205.62,53264.40639542,,,,,,,,,,,,,,,
2020-05-05 19:00:00,9027.4,9430.0,8921.0,9166.1,11362.01313335,205.48,211.31,197.00,199.48,70143.20767378,,,,,,,,,,,,,,,
2020-05-06 19:00:00,9163.1,10080.2,9037.0,10001.0,18206.78074228,199.30,215.18,196.99,212.34,115539.52610076,,,,,,,,,,,,,,,
2020-05-07 19:00:00,10001.4,10048.2,9727.5,9809.5,9783.48938227,212.50,217.08,207.21,211.62,52790.30509788,,,,,,,,,,,,,,,
2020-05-08 19:00:00,9808.4,9911.7,9518.0,9539.7,8004.08245324,211.60,214.72,208.40,210.03,35237.27424765,,,,,,,,,,,,,,,
2020-05-09 19:00:00,9530.5,9570.1,7995.6,8716.5,21269.65739269,209.88,209.95,180.40,188.02,154579.58227803,,,,,,,,,,,,,,,
2020-05-10 19:00:00,8724.9,9175.0,8190.0,8570.8,18291.82768881,187.84,194.85,176.56,185.89,93149.71939269,,,,,,,,,,,,,,,
2020-05-11 19:00:00,8570.8,8975.0,8531.8,8823.7,7354.10341194,185.81,192.42,185.73,189.72,35296.06197153,,,,,,,,,,,,,,,
2020-05-12 19:00:00,8818.1,9411.0,8808.1,9317.1,9472.11087761,189.93,201.41,188.55,200.07,48895.71244700,,,,,,,,,,,,,,,
2020-05-13 19:00:00,9317.1,9947.0,9256.9,9788.5,12966.02053407,199.93,206.16,195.53,203.43,73138.86498657,,,,,,,,,,,,,,,
2020-05-14 19:00:00,9788.5,9847.1,9128.0,9312.1,11082.91558633,203.32,204.23,191.30,194.76,51150.16011503,,,,,,,,,,,,,,,
2020-05-15 19:00:00,9310.5,9590.0,9221.1,9386.0,4905.16528078,194.65,203.33,193.21,200.50,46091.77257810,,,,,,,,,,,,,,,
2020-05-16 19:00:00,9379.3,9888.0,9317.1,9673.0,6998.24963795,200.11,209.92,199.44,206.94,31287.16668364,,,,,,,,,,,,,,,
2020-05-17 19:00:00,9675.6,9948.3,9400.0,9725.3,8025.34763434,206.94,216.98,206.94,214.91,69837.38584869,,,,,,,,,,,,,,,
2020-05-18 19:00:00,9726.0,9900.0,9465.0,9779.3,8433.88252936,214.91,215.99,209.31,214.76,45467.94721486,,,,,,,,,,,,,,,
2020-05-19 19:00:00,9779.2,9841.4,9310.0,9510.1,8928.34699991,214.76,215.45,205.57,209.87,49278.09663938,,,,,,,,,,,,,,,
2020-05-20 19:00:00,9510.1,9564.0,8800.0,9057.3,12850.78533232,209.92,211.41,191.31,198.35,67325.61021536,,,,,,,,,,,,,,,
2020-05-21 19:00:00,9057.5,9261.2,8925.0,9169.0,5948.22846448,198.59,209.33,196.21,207.23,50783.14449296,,,,,,,,,,,,,,,
2020-05-22 19:00:00,9169.9,9316.0,9072.5,9178.6,3223.80644681,207.23,211.50,204.68,206.71,26501.77525370,,,,,,,,,,,,,,,
2020-05-23 19:00:00,9175.4,9300.0,8645.0,8715.1,6806.68899898,206.63,210.68,199.50,199.53,50512.88742827,,,,,,,,,,,,,,,
2020-05-24 19:00:00,8712.8,8975.0,8644.0,8898.1,6019.25989883,199.56,205.57,198.03,204.11,22979.48899462,,,,,,,,,,,,,,,
2020-05-25 19:00:00,8898.0,9012.0,8686.6,8841.7,5236.66556594,204.12,204.90,196.51,200.85,35846.28025823,,,,,,,,,,,,,,,
2020-05-26 19:00:00,8840.7,9226.0,8810.6,9213.9,6834.04990446,200.95,208.35,200.81,208.28,30731.34528178,,,,,,,,,,,,,,,
2020-05-27 19:00:00,9208.0,9625.0,9109.4,9577.9,8108.35758970,208.35,220.70,204.66,220.26,64114.14453892,,,,,,,,,,,,,,,
2020-05-28 19:00:00,9578.0,9608.6,9312.0,9425.0,6002.56934043,220.26,224.70,217.67,220.65,61254.99279605,,,,,,,,,,,,,,,
2020-05-29 19:00:00,9424.9,9745.0,9330.0,9698.6,5071.76497567,220.64,247.28,218.70,243.70,87820.52484256,,,,,,,,,,,,,,,
2020-05-30 19:00:00,9699.9,9700.0,9380.0,9447.4,3643.43597021,243.65,245.48,229.50,231.76,69069.62337666,,,,,,,,,,,,,,,
2020-05-31 19:00:00,9447.9,10370.0,9414.6,10206.2,9866.95115835,231.52,251.29,230.56,248.45,104048.36278743,,,,,,,,,,,,,,,
2020-06-01 19:00:00,10210.1,10235.0,9300.0,9525.4,14963.95762982,248.46,253.54,218.48,237.55,104117.64901749,,,,,,,,,,,,,,,
2020-06-02 19:00:00,9516.0,9690.0,9310.9,9664.1,4383.39531009,237.65,245.02,233.47,244.54,60196.18414756,,,,,,,,,,,,,,,
2020-06-03 19:00:00,9670.0,9884.7,9465.0,9791.4,6818.32814269,244.55,246.66,235.54,243.40,59520.24083276,,,,,,,,,,,,,,,
2020-06-04 19:00:00,9792.1,9855.0,9537.9,9617.7,5121.00668816,243.21,247.89,239.04,240.03,37567.20301097,,,,,,,,,,,,,,,
2020-06-05 19:00:00,9617.6,9731.2,9527.4,9672.0,2681.15313308,239.98,244.50,237.67,242.01,24815.09640742,,,,,,,,,,,,,,,
2020-06-06 19:00:00,9668.7,9812.4,9386.6,9757.7,4869.61667609,241.98,245.93,234.37,244.90,73456.75924424,,,,,,,,,,,,,,,
2020-06-07 19:00:00,9755.7,9800.0,9626.8,9780.9,3571.19983983,244.88,247.77,241.20,246.62,31951.41657838,,,,,,,,,,,,,,,
2020-06-08 19:00:00,9782.0,9900.4,9560.3,9778.0,5905.61392668,246.64,249.90,237.78,244.00,43739.90903197,,,,,,,,,,,,,,,
2020-06-09 19:00:00,9778.0,10000.0,9680.0,9892.4,5841.62377546,244.01,250.49,242.22,247.96,47891.77471234,,,,,,,,,,,,,,,
2020-06-10 19:00:00,9892.2,9990.0,9090.5,9265.8,12247.96471877,247.96,250.15,225.71,230.11,86324.91865127,,,,,,,,,,,,,,,
2020-06-11 19:00:00,9265.8,9545.0,9234.0,9460.0,4753.44160400,230.10,239.22,228.01,237.57,36542.89679712,,,,,,,,,,,,,,,
2020-06-12 19:00:00,9459.9,9492.8,9353.8,9471.0,1910.81428241,237.39,238.64,234.62,237.92,18365.87486360,,,,,,,,,,,,,,,
2020-06-13 19:00:00,9472.9,9475.0,9230.6,9330.4,2680.38680179,238.03,238.69,230.00,231.68,33590.14527917,,,,,,,,,,,,,,,
2020-06-14 19:00:00,9328.4,9499.9,8905.0,9425.3,9823.89428294,231.53,233.80,218.10,230.97,79329.94672568,,,,,,,,,,,,,,,
2020-06-15 19:00:00,9425.3,9593.0,9385.0,9528.5,5563.38048246,231.00,236.25,228.78,235.33,37188.87883419,,,,,,,,,,,,,,,
2020-06-16 19:00:00,9527.5,9556.8,9233.4,9453.1,5393.86904625,235.46,237.38,227.71,233.61,36763.82798204,,,,,,,,,,,,,,,
2020-06-17 19:00:00,9453.1,9480.0,9268.2,9381.5,3652.89691828,233.54,234.45,227.55,231.38,20495.01382064,,,,,,,,,,,,,,,
2020-06-18 19:00:00,9381.5,9439.7,9219.9,9302.1,4506.12586124,231.02,232.09,226.26,228.62,30752.26424498,,,,,,,,,,,,,,,
2020-06-19 19:00:00,9301.2,9394.9,9165.0,9355.6,2127.73045817,228.63,230.66,224.60,228.78,20758.06282344,,,,,,,,,,,,,,,
2020-06-20 19:00:00,9357.0,9416.9,9280.0,9284.7,2014.19981502,228.82,231.00,227.10,227.85,15265.99763663,,,,,,,,,,,,,,,
2020-06-21 19:00:00,9284.7,9780.0,9275.0,9694.0,5237.81344337,227.87,246.99,227.27,243.22,75128.99971395,,,,,,,,,,,,,,,
2020-06-22 19:00:00,9694.0,9721.3,9575.8,9622.3,3628.18725463,243.16,245.09,240.85,243.03,41680.92485027,,,,,,,,,,,,,,,
2020-06-23 19:00:00,9625.5,9661.7,9200.0,9282.0,5937.38256752,243.08,249.28,230.73,234.54,79625.78684876,,,,,,,,,,,,,,,
2020-06-24 19:00:00,9290.6,9337.5,8992.4,9233.5,6244.40048570,234.34,235.12,227.33,232.32,46286.40962430,,,,,,,,,,,,,,,
2020-06-25 19:00:00,9238.0,9285.0,9028.6,9150.3,5297.72428640,232.30,233.19,226.86,229.36,44305.22287869,,,,,,,,,,,,,,,
2020-06-26 19:00:00,9153.0,9183.3,8812.8,9002.0,4249.82947999,229.36,230.89,215.90,220.63,60078.37284680,,,,,,,,,,,,,,,
2020-06-27 19:00:00,9003.9,9189.3,8937.5,9113.7,2562.54923600,220.63,227.57,217.80,224.99,37603.27812092,,,,,,,,,,,,,,,
2020-06-28 19:00:00,9113.8,9230.0,9013.0,9183.5,4167.07503225,224.80,229.82,221.19,227.80,45110.12092891,,,,,,,,,,,,,,,
2020-06-29 19:00:00,9186.4,9199.0,9061.3,9133.9,2685.85190593,227.88,228.78,222.80,225.68,32825.57111343,,,,,,,,,,,,,,,
2020-06-30 19:00:00,9135.0,9300.3,9094.2,9234.5,3526.76141260,225.61,233.00,224.16,231.11,39744.49044874,,,,,,,,,,,,,,,
2020-07-01 19:00:00,9233.9,9269.2,8935.6,9086.0,4547.45864937,231.19,232.07,223.00,226.41,49455.95856067,,,,,,,,,,,,,,,
2020-07-02 19:00:00,9086.0,9123.1,9041.4,9058.0,1652.16338851,226.47,228.27,224.30,225.01,16877.29789183,,,,,,,,,,,,,,,
2020-07-03 19:00:00,9058.1,9194.8,9044.9,9138.5,1524.40316113,225.08,230.68,224.52,229.25,19137.64000730,,,,,,,,,,,,,,,
2020-07-04 19:00:00,9138.5,9143.5,8915.1,9083.8,1933.66216977,229.24,229.97,223.57,227.96,23645.48176223,,,,,,,,,,,,,,,
2020-07-05 19:00:00,9083.8,9372.0,9065.2,9348.2,4710.44847333,227.89,242.30,227.00,241.84,80304.76955511,,,,,,,,,,,,,,,
2020-07-06 19:00:00,9347.1,9378.0,9204.1,9256.8,3589.57391325,241.86,243.70,234.54,239.34,60652.59125132,,,,,,,,,,,,,,,
2020-07-07 19:00:00,9258.4,9480.0,9237.6,9440.1,4307.70416024,239.46,248.90,237.87,246.97,51855.09043174,,,,,,,,,,,,,,,
2020-07-08 19:00:00,9440.0,9440.1,9155.2,9240.2,3776.71826166,246.97,247.85,237.81,241.89,53383.08110505,,,,,,,,,,,,,,,
2020-07-09 19:00:00,9236.0,9314.9,9125.0,9286.0,2668.97298418,241.97,242.02,235.33,241.12,34480.29863509,,,,,,,,,,,,,,,
2020-07-10 19:00:00,9286.1,9296.7,9186.4,9234.6,1145.08067707,241.13,241.52,237.61,239.24,16886.03302190,,,,,,,,,,,,,,,
2020-07-11 19:00:00,9234.5,9340.0,9161.5,9300.0,1679.96695486,239.27,243.98,236.75,243.00,37886.54015153,,,,,,,,,,,,,,,
2020-07-12 19:00:00,9300.0,9367.7,9195.7,9236.2,2850.69438337,243.00,245.26,237.46,239.42,57063.36521768,,,,,,,,,,,,,,,
2020-07-13 19:00:00,9237.2,9275.0,9095.0,9252.2,3085.47358479,239.24,241.90,236.89,240.35,25030.39892478,,,,,,,,,,,,,,,
2020-07-14 19:00:00,9253.9,9272.7,9155.1,9195.0,3307.12674699,240.44,241.28,236.58,238.37,30353.86840651,,,,,,,,,,,,,,,
2020-07-15 19:00:00,9194.9,9208.8,9021.7,9130.9,3908.40889536,238.32,239.11,229.75,233.73,42144.56916230,,,,,,,,,,,,,,,
2020-07-16 19:00:00,9131.0,9182.1,9078.5,9152.2,2171.67983091,233.45,234.40,231.54,232.79,23918.18615452,,,,,,,,,,,,,,,
2020-07-17 19:00:00,9152.2,9208.9,9123.0,9174.1,1053.26547125,232.78,237.01,232.29,235.80,18441.91571754,,,,,,,,,,,,,,,
2020-07-18 19:00:00,9173.7,9238.2,9111.1,9213.7,1355.34662685,235.80,240.11,233.41,239.25,19368.85971479,,,,,,,,,,,,,,,
2020-07-19 19:00:00,9216.1,9224.6,9131.5,9163.0,2034.71911035,239.40,239.88,234.30,236.19,28616.32246201,,,,,,,,,,,,,,,
2020-07-20 19:00:00,9163.0,9436.0,9157.3,9393.8,4022.04830186,236.19,247.00,235.74,246.01,60144.41712042,,,,,,,,,,,,,,,
2020-07-21 19:00:00,9393.9,9569.0,9281.8,9529.9,3139.86902079,246.01,269.50,242.18,264.53,63931.61063056,,,,,,,,,,,,,,,
2020-07-22 19:00:00,9529.8,9676.0,9460.0,9612.0,4565.29741884,264.61,281.43,260.37,275.59,110724.22839087,,,,,,,,,,,,,,,
2020-07-23 19:00:00,9612.0,9649.0,9480.0,9553.6,3345.55355981,275.50,287.91,268.57,279.42,85495.71058020,,,,,,,,,,,,,,,
2020-07-24 19:00:00,9553.6,9748.1,9540.9,9710.2,2412.07406077,279.52,309.94,279.52,305.89,97505.64028131,,,,,,,,,,,,,,,
2020-07-25 19:00:00,9712.1,10197.0,9666.7,9939.6,5224.80083782,305.81,319.83,300.48,311.52,101680.13872205,,,,,,,,,,,,,,,
2020-07-26 19:00:00,9939.6,11420.0,9937.1,11046.1,16317.13418061,311.47,334.28,307.70,322.44,183440.17045428,,,,,,,,,,,,,,,
2020-07-27 19:00:00,11051.0,11263.1,10588.0,10934.0,8489.68581504,322.39,327.23,306.35,317.43,96728.72828196,,,,,,,,,,,,,,,
2020-07-28 19:00:00,10934.0,11348.0,10852.2,11108.2,6258.41077832,317.56,325.50,313.31,318.18,58271.03187517,,,,,,,,,,,,,,,
2020-07-29 19:00:00,11111.1,11187.2,10828.8,11114.8,5060.25168109,318.09,343.00,314.68,335.25,83409.87095787,,,,,,,,,,,,,,,
2020-07-30 19:00:00,11114.8,11460.0,10980.0,11356.2,5391.83287510,335.41,349.74,328.77,347.00,74692.38576740,,,,,,,,,,,,,,,
2020-07-31 19:00:00,11356.1,11883.4,11239.4,11809.9,6935.58801917,346.90,394.07,343.90,387.57,115978.80544895,,,,,,,,,,,,,,,
2020-08-01 19:00:00,11811.0,12126.6,10590.0,11067.1,9103.23275731,387.50,416.39,300.00,372.17,225549.50743617,,,,,,,,,,,,,,,
2020-08-02 19:00:00,11072.1,11484.2,10827.9,11237.3,4734.35785204,372.26,398.29,367.00,386.21,92318.17389541,,,,,,,,,,,,,,,
2020-08-03 19:00:00,11237.1,11419.0,11028.5,11197.5,3413.51179664,386.40,403.52,381.10,389.91,90678.56449128,,,,,,,,,,,,,,,
2020-08-04 19:00:00,11200.0,11791.4,11099.2,11746.0,5230.82070658,390.06,407.89,384.24,401.25,71758.24275166,,,,,,,,,,,,,,,
2020-08-05 19:00:00,11746.0,11912.2,11579.3,11771.5,4417.04203441,401.26,403.77,391.50,395.17,42415.06450057,,,,,,,,,,,,,,,
2020-08-06 19:00:00,11771.5,11918.7,11350.0,11603.5,5264.97323381,395.17,399.00,363.22,379.67,86725.30157180,,,,,,,,,,,,,,,
2020-08-07 19:00:00,11603.5,11813.8,11540.0,11768.0,2217.98830939,379.62,397.40,376.04,397.40,46663.63120430,,,,,,,,,,,,,,,
2020-08-08 19:00:00,11768.0,11804.9,11532.5,11687.5,1618.55270851,397.39,400.35,381.06,390.33,44561.72836084,,,,,,,,,,,,,,,
2020-08-09 19:00:00,11689.7,12082.9,11535.5,11898.7,6928.45634041,390.32,400.00,384.97,395.90,53652.14367132,,,,,,,,,,,,,,,
2020-08-10 19:00:00,11898.7,11939.0,11133.0,11391.7,7265.36658733,395.91,398.38,367.00,378.97,109239.48571141,,,,,,,,,,,,,,,
2020-08-11 19:00:00,11391.6,11620.0,11163.0,11576.6,4049.32104614,378.96,389.47,364.25,387.15,62909.79898386,,,,,,,,,,,,,,,
2020-08-12 19:00:00,11576.7,11799.0,11269.0,11794.6,4296.45387091,387.17,432.22,376.78,424.87,154367.66375891,,,,,,,,,,,,,,,
2020-08-13 19:00:00,11794.8,11867.1,11658.5,11772.6,3549.57338470,425.57,445.08,418.10,438.68,92451.03815641,,,,,,,,,,,,,,,
2020-08-14 19:00:00,11775.0,11988.0,11675.0,11858.3,3176.27440204,438.73,443.54,427.00,432.39,46133.47654597,,,,,,,,,,,,,,,
2020-08-15 19:00:00,11855.6,11939.5,11701.0,11916.8,1955.26237298,432.52,437.49,412.48,433.67,64246.01812903,,,,,,,,,,,,,,,
2020-08-16 19:00:00,11919.9,12480.6,11775.0,12301.7,6920.63243919,433.99,447.44,420.51,431.35,70593.77772776,,,,,,,,,,,,,,,
2020-08-17 19:00:00,12301.7,12393.7,11807.7,11957.0,6055.42452850,431.34,434.20,412.11,422.62,77628.45601165,,,,,,,,,,,,,,,
2020-08-18 19:00:00,11955.2,12020.0,11569.4,11757.4,5945.74455341,422.61,426.50,393.33,407.57,91227.61399911,,,,,,,,,,,,,,,
2020-08-19 19:00:00,11757.2,11899.7,11675.0,11864.6,3273.14388850,407.57,419.54,402.48,416.20,58454.61391948,,,,,,,,,,,,,,,
2020-08-20 19:00:00,11864.5,11884.8,11500.0,11522.7,3996.10639778,416.30,419.08,385.00,387.83,85385.53125803,,,,,,,,,,,,,,,
2020-08-21 19:00:00,11522.7,11687.0,11350.0,11672.7,2777.53556332,387.84,396.90,378.98,395.52,57008.74326452,,,,,,,,,,,,,,,
2020-08-22 19:00:00,11672.7,11715.0,11525.2,11652.6,1207.43793131,395.50,397.09,383.73,390.64,28001.41469343,,,,,,,,,,,,,,,
2020-08-23 19:00:00,11653.2,11821.9,11600.0,11764.8,2158.19547377,390.77,410.98,387.61,407.92,66322.98635652,,,,,,,,,,,,,,,
2020-08-24 19:00:00,11760.5,11768.8,11120.0,11330.0,5257.96303760,407.92,409.15,370.05,383.01,112721.29479894,,,,,,,,,,,,,,,
2020-08-25 19:00:00,11330.1,11539.0,11251.7,11469.5,2742.52781267,382.98,393.56,377.18,385.71,72131.19472743,,,,,,,,,,,,,,,
2020-08-26 19:00:00,11469.6,11598.8,11128.4,11327.9,4707.31018559,385.91,396.85,371.60,383.16,61708.64859145,,,,,,,,,,,,,,,
2020-08-27 19:00:00,11327.9,11549.7,11283.8,11532.6,2688.00400619,383.16,398.32,380.01,395.56,45660.17868569,,,,,,,,,,,,,,,
2020-08-28 19:00:00,11531.0,11580.0,11408.1,11480.9,1489.53499146,395.35,405.87,392.30,398.69,46298.21519638,,,,,,,,,,,,,,,
2020-08-29 19:00:00,11480.9,11715.0,11469.0,11713.1,1357.35993004,398.39,429.50,398.39,428.72,62024.75826499,,,,,,,,,,,,,,,
2020-08-30 19:00:00,11713.0,11785.0,11580.0,11656.9,2463.34774191,429.14,439.00,417.77,433.98,61101.49408447,,,,,,,,,,,,,,,
2020-08-31 19:00:00,11657.2,12068.6,11532.8,11926.8,4033.23011004,434.00,489.57,428.68,475.81,133872.90707915,,,,,,,,,,,,,,,
2020-09-01 19:00:00,11926.3,11955.3,11187.0,11396.9,6177.24737800,475.76,481.00,422.00,439.81,171821.39983916,,,,,,,,,,,,,,,
2020-09-02 19:00:00,11399.2,11478.0,10025.0,10180.1,10567.15214810,440.47,450.00,371.21,382.43,227343.47213929,,,,,,,,,,,,,,,
2020-09-03 19:00:00,10180.0,10634.8,9914.6,10463.6,7291.88858934,382.22,400.79,360.90,385.82,139522.49112394,,,,,,,,,,,,,,,
2020-09-04 19:00:00,10463.5,10565.0,9856.3,10162.2,6725.52374424,385.61,394.80,311.04,335.38,279027.02859385,,,,,,,,,,,,,,,
2020-09-05 19:00:00,10164.0,10345.0,10010.0,10253.1,2497.15786405,334.88,359.90,316.60,352.51,123832.60688844,,,,,,,,,,,,,,,
2020-09-06 19:00:00,10256.2,10415.3,9877.6,10377.4,4070.35031772,352.50,358.50,323.40,353.39,91139.52678844,,,,,,,,,,,,,,,
2020-09-07 19:00:00,10377.5,10440.0,9850.0,10123.3,5532.39183434,353.40,356.41,325.64,337.25,92707.97233698,,,,,,,,,,,,,,,
2020-09-08 19:00:00,10123.3,10350.0,9983.2,10229.7,3169.44850660,337.24,359.00,330.77,351.29,67152.72320001,,,,,,,,,,,,,,,
2020-09-09 19:00:00,10229.5,10488.0,10227.5,10350.1,3714.09087142,351.08,377.77,350.80,368.23,100388.15458008,,,,,,,,,,,,,,,
2020-09-10 19:00:00,10350.0,10411.3,10210.0,10398.2,2682.48875246,367.98,375.29,355.64,373.88,59017.27832861,,,,,,,,,,,,,,,
2020-09-11 19:00:00,10398.1,10475.0,10280.0,10447.5,2068.36599332,374.08,388.00,365.31,387.91,48281.88966854,,,,,,,,,,,,,,,
2020-09-12 19:00:00,10447.5,10573.0,10217.2,10328.2,2427.79196668,387.94,390.00,353.50,366.41,87789.55125136,,,,,,,,,,,,,,,
2020-09-13 19:00:00,10328.2,10745.0,10251.2,10674.9,4151.73228339,366.51,384.15,356.15,377.14,75629.61692299,,,,,,,,,,,,,,,
2020-09-14 19:00:00,10675.0,10935.0,10620.0,10785.2,4280.92435538,377.07,382.48,362.50,364.09,73932.66809598,,,,,,,,,,,,,,,
2020-09-15 19:00:00,10785.2,11097.9,10670.2,10951.1,4155.03620984,363.90,373.78,355.11,364.99,70775.94182297,,,,,,,,,,,,,,,
2020-09-16 19:00:00,10951.3,11043.2,10750.3,10944.8,3387.94544680,365.00,394.68,363.29,389.39,83100.62068667,,,,,,,,,,,,,,,
2020-09-17 19:00:00,10944.8,11039.1,10818.0,10934.7,2354.54057504,389.27,392.39,375.66,384.45,45931.78885663,,,,,,,,,,,,,,,
2020-09-18 19:00:00,10934.8,11178.2,10898.9,11080.7,1827.56916142,384.50,388.41,377.31,385.11,20264.53781510,,,,,,,,,,,,,,,
2020-09-19 19:00:00,11078.0,11078.0,10766.2,10918.5,2298.82352174,384.92,385.00,365.12,371.00,40537.18418934,,,,,,,,,,,,,,,
2020-09-20 19:00:00,10918.6,10985.0,10300.0,10415.0,6425.34807722,370.50,376.74,331.00,339.87,109265.89693262,,,,,,,,,,,,,,,
2020-09-21 19:00:00,10417.9,10570.0,10362.8,10532.5,3177.44162823,339.90,346.90,335.33,344.18,52243.78778023,,,,,,,,,,,,,,,
2020-09-22 19:00:00,10531.2,10534.0,10134.6,10230.7,4306.72297782,344.00,344.50,313.42,320.12,101885.54601953,,,,,,,,,,,,,,,
2020-09-23 19:00:00,10230.7,10788.3,10192.4,10740.2,4593.25293705,320.18,353.40,317.00,349.22,85064.53330927,,,,,,,,,,,,,,,
2020-09-24 19:00:00,10738.9,10761.6,10565.0,10695.1,3847.35826784,348.92,358.00,337.59,351.90,56495.46695218,,,,,,,,,,,,,,,
2020-09-25 19:00:00,10695.1,10695.1,10695.1,10695.1,0.00000000,351.90,351.90,351.90,351.90,0.00000000,,,,,,,,,,,,,,,
2020-09-26 19:00:00,10695.1,10695.1,10695.1,10695.1,0.00000000,351.90,351.90,351.90,351.90,0.00000000,,,,,,,,,,,,,,,
2020-09-27 19:00:00,10695.1,10695.1,10695.1,10695.1,0.00000000,351.90,351.90,351.90,351.90,0.00000000,,,,,,,,,,,,,,,
2020-09-28 19:00:00,10695.1,10695.1,10695.1,10695.1,0.00000000,351.90,351.90,351.90,351.90,0.00000000,,,,,,,,,,,,,,,
2020-09-29 19:00:00,10841.4,10842.4,10670.0,10774.9,2473.82922088,359.96,361.23,351.34,359.69,37139.55837970,,,,,,,,,,,,,,,
2020-09-30 19:00:00,10774.9,10930.0,10451.0,10616.1,5064.96171829,359.70,371.32,345.30,353.00,60515.84652014,,,,,,,,,,,,,,,
2020-10-01 19:00:00,10611.0,10655.5,10384.3,10574.8,3866.32730974,353.00,354.22,334.56,345.68,54209.39715735,,,,,,,,,,,,,,,
2020-10-02 19:00:00,10574.8,10603.7,10504.1,10553.0,1221.43053437,345.68,351.09,344.01,346.18,16827.41512442,,,,,,,,,,,,,,,
2020-10-03 19:00:00,10553.0,10690.0,10531.2,10676.4,1234.25174381,346.18,354.45,344.00,352.54,18281.10922374,,,,,,,,,,,,,,,
2020-10-04 19:00:00,10676.4,10799.0,10632.0,10799.0,2274.02057894,352.55,355.99,348.83,353.77,18231.29168640,,,,,,,,,,,,,,,
2020-10-05 19:00:00,10799.0,10803.6,10527.0,10605.4,3347.54265930,354.00,355.19,336.51,340.79,58491.18619527,,,,,,,,,,,,,,,
2020-10-06 19:00:00,10605.0,10676.6,10552.6,10669.9,2177.50587476,340.77,342.98,333.01,341.80,131152.40459146,,,,,,,,,,,,,,,
2020-10-07 19:00:00,10670.0,10969.6,10540.0,10934.1,4228.06693828,341.81,353.40,334.10,351.05,50146.33264231,,,,,,,,,,,,,,,
2020-10-08 19:00:00,10931.9,11110.6,10842.0,11060.2,3237.00773051,351.05,368.42,347.50,365.60,49831.06907866,,,,,,,,,,,,,,,
2020-10-09 19:00:00,11060.1,11499.0,11060.1,11301.5,3960.95890077,365.60,379.00,365.15,371.12,38666.10265880,,,,,,,,,,,,,,,
2020-10-10 19:00:00,11299.4,11443.9,11262.0,11376.6,2180.88632597,370.82,377.40,369.30,374.61,17295.08353575,,,,,,,,,,,,,,,
2020-10-11 19:00:00,11376.6,11725.9,11202.9,11535.8,4883.07187989,374.60,395.81,365.30,387.00,56730.98380209,,,,,,,,,,,,,,,
2020-10-12 19:00:00,11534.6,11560.0,11315.0,11428.6,3464.47542678,386.99,387.86,374.10,381.48,36449.52488364,,,,,,,,,,,,,,,
2020-10-13 19:00:00,11428.9,11555.0,11300.0,11433.1,2817.85908619,381.47,387.59,373.22,379.08,40672.33343864,,,,,,,,,,,,,,,
2020-10-14 19:00:00,11433.2,11628.0,11255.3,11501.0,3310.60603618,379.12,382.15,370.24,377.79,36492.67874025,,,,,,,,,,,,,,,
2020-10-15 19:00:00,11501.0,11549.0,11207.0,11326.9,3689.18449699,377.78,379.85,360.74,365.39,46405.79454039,,,,,,,,,,,,,,,
2020-10-16 19:00:00,11327.0,11411.8,11254.6,11363.9,1155.95428631,365.41,370.62,363.50,368.40,12237.89566158,,,,,,,,,,,,,,,
2020-10-17 19:00:00,11364.0,11515.1,11355.7,11508.9,1062.87912435,368.41,378.47,367.80,378.45,17579.22621921,,,,,,,,,,,,,,,
2020-10-18 19:00:00,11508.8,11838.3,11416.6,11757.0,4364.70701426,378.44,384.98,372.90,379.50,32999.01651933,,,,,,,,,,,,,,,
2020-10-19 19:00:00,11757.0,12070.0,11678.8,11925.4,5301.91244632,379.51,381.00,365.43,368.81,34897.86192866,,,,,,,,,,,,,,,
2020-10-20 19:00:00,11926.7,13241.4,11905.7,12813.0,11497.59347437,368.81,402.23,368.19,391.51,82236.82943093,,,,,,,,,,,,,,,
2020-10-21 19:00:00,13124.6,13199.0,12943.6,12984.1,973.12908360,417.86,421.42,412.75,414.44,12778.95641945,,,,,,,,,,,,,,,
2020-10-22 19:00:00,12985.4,13032.8,12735.0,12939.0,3897.16955007,414.25,419.52,402.04,409.92,39618.95222814,,,,,,,,,,,,,,,
2020-10-23 19:00:00,12939.0,13172.3,12890.7,13130.9,1813.58698169,409.65,416.61,407.55,412.38,18458.14031274,,,,,,,,,,,,,,,
2020-10-24 19:00:00,13130.9,13351.0,12833.0,13039.2,3508.36779755,412.41,417.84,403.25,406.35,27190.69306837,,,,,,,,,,,,,,,
2020-10-25 19:00:00,13039.8,13243.6,12801.0,13080.0,4628.57769014,406.22,411.31,382.80,393.48,73020.45793027,,,,,,,,,,,,,,,
2020-10-26 19:00:00,13080.0,13794.8,13064.0,13649.6,7598.84407927,393.48,410.48,390.52,403.65,39937.76222947,,,,,,,,,,,,,,,
2020-10-27 19:00:00,13649.1,13851.6,12900.0,13289.5,8264.04057366,403.55,409.18,381.10,388.63,53447.35194238,,,,,,,,,,,,,,,
2020-10-28 19:00:00,13288.0,13644.0,12975.0,13463.1,5549.85025094,388.91,394.11,380.69,387.67,53507.55915110,,,,,,,,,,,,,,,
2020-10-29 19:00:00,13462.1,13684.9,13131.0,13567.0,6467.91601097,387.39,392.00,373.52,382.83,58405.63413756,,,,,,,,,,,,,,,
2020-10-30 19:00:00,13567.0,14080.0,13425.5,13809.1,5282.11155202,383.07,393.76,380.77,386.81,26877.05021710,,,,,,,,,,,,,,,
2020-10-31 19:00:00,13799.0,13900.6,13634.6,13762.5,2302.11145634,386.62,397.47,385.07,396.80,25999.38277106,,,,,,,,,,,,,,,
2020-11-01 18:00:00,13762.6,13840.0,13218.3,13565.8,5151.11685948,396.80,404.56,378.16,383.78,79339.27978363,,,,,,,,,,,,,,,
2020-11-02 18:00:00,13568.3,14062.8,13305.0,14021.8,5039.10250174,383.43,390.41,371.00,388.01,50087.13337709,,,,,,,,,,,,,,,
2020-11-03 18:00:00,14028.8,14266.4,13540.7,14163.3,7484.67922848,388.00,408.70,377.01,402.68,81685.22824174,,,,,,,,,,,,,,,
2020-11-04 18:00:00,14165.7,15782.3,14120.1,15610.4,13893.35310348,402.88,421.64,396.50,417.04,93752.26026705,,,,,,,,,,,,,,,
2020-11-05 18:00:00,15610.3,15967.0,15177.0,15599.2,9645.32707811,417.04,458.70,415.52,456.43,131858.29667143,,,,,,,,,,,,,,,
2020-11-06 18:00:00,15602.8,15769.9,14365.0,14837.3,7646.39947038,456.58,468.83,425.00,435.81,128871.46018709,,,,,,,,,,,,,,,
2020-11-07 18:00:00,14837.4,15650.0,14726.6,15480.1,4503.79086731,435.67,460.89,432.67,454.60,55142.27884227,,,,,,,,,,,,,,,
2020-11-08 18:00:00,15480.0,15843.3,14824.7,15322.9,7504.18058973,454.47,459.63,434.63,444.33,88681.71845238,,,,,,,,,,,,,,,
2020-11-09 18:00:00,15339.1,15474.9,15100.0,15316.7,3736.89301767,444.69,455.16,439.00,451.35,56256.84052489,,,,,,,,,,,,,,,
2020-11-10 18:00:00,15319.0,15990.0,15300.0,15708.7,6372.85620441,451.59,476.57,450.02,464.39,80321.70756459,,,,,,,,,,,,,,,
2020-11-11 18:00:00,15708.6,16345.0,15425.3,16307.8,9541.89852023,463.69,470.00,451.10,462.86,66834.94427632,,,,,,,,,,,,,,,
2020-11-12 18:00:00,16308.6,16489.4,15980.6,16343.4,6047.97099830,463.11,478.48,458.00,477.06,75582.03793856,,,,,,,,,,,,,,,
2020-11-13 18:00:00,16343.3,16343.4,15735.0,16080.1,3713.34899327,477.26,477.98,451.95,461.18,45791.82579323,,,,,,,,,,,,,,,
2020-11-14 18:00:00,16086.5,16170.5,15801.0,15962.3,2083.20526402,461.38,463.14,440.44,448.49,46902.42886507,,,,,,,,,,,,,,,
2020-11-15 18:00:00,15966.8,16892.9,15884.3,16721.1,6629.53381631,448.22,466.00,445.95,460.30,52599.71693786,,,,,,,,,,,,,,,
2020-11-16 18:00:00,16723.8,17876.1,16569.5,17684.8,10140.27825534,460.73,484.90,460.29,482.89,90310.06964491,,,,,,,,,,,,,,,
2020-11-17 18:00:00,17680.0,18495.0,17200.0,17800.0,13809.84372874,482.79,495.40,454.56,479.11,141538.26627282,,,,,,,,,,,,,,,
2020-11-18 18:00:00,17800.0,18200.0,17369.0,17828.2,6833.90109047,479.26,481.99,465.20,471.97,48357.17613413,,,,,,,,,,,,,,,
2020-11-19 18:00:00,17827.4,18824.0,17780.0,18680.2,6868.25970170,472.05,514.77,471.50,510.38,108562.06245637,,,,,,,,,,,,,,,
2020-11-20 18:00:00,18673.6,18977.5,18333.0,18708.7,4874.53549384,510.37,553.50,502.72,552.55,102160.70823348,,,,,,,,,,,,,,,
2020-11-21 18:00:00,18708.7,18764.9,17620.0,18450.2,6457.67189893,552.57,581.82,512.00,561.48,130655.99116526,,,,,,,,,,,,,,,
2020-11-22 18:00:00,18433.7,18780.0,18005.0,18387.8,6160.78140739,560.88,611.58,550.62,609.09,152818.24088851,,,,,,,,,,,,,,,
2020-11-23 18:00:00,18380.2,19448.0,18069.7,19173.8,9038.29612050,609.01,623.47,590.00,605.28,142957.42365857,,,,,,,,,,,,,,,
2020-11-24 18:00:00,19169.6,19509.3,18425.1,18723.4,6923.70078677,605.28,606.63,554.00,569.52,96865.19190828,,,,,,,,,,,,,,,
2020-11-25 18:00:00,18725.9,18900.0,16210.0,17164.6,18298.68923292,569.30,577.43,478.38,520.00,260262.05807180,,,,,,,,,,,,,,,
2020-11-26 18:00:00,17165.0,17460.0,16450.8,17144.2,5962.04838793,520.29,530.99,493.44,518.80,85762.26479470,,,,,,,,,,,,,,,
2020-11-27 18:00:00,17146.0,17890.0,16871.1,17732.9,5037.34622355,518.81,548.50,507.10,538.27,71826.71678382,,,,,,,,,,,,,,,
2020-11-28 18:00:00,17731.6,18356.1,17525.0,18194.2,5284.40097885,538.01,576.90,530.75,576.22,71937.12858139,,,,,,,,,,,,,,,
2020-11-29 18:00:00,18195.6,19850.0,16660.0,19708.1,13486.01802720,576.45,617.37,571.23,616.65,143580.36233871,,,,,,,,,,,,,,,
2020-11-30 18:00:00,19706.5,19947.5,18111.0,18782.9,12790.05335884,616.84,636.58,555.71,586.38,192132.40413581,,,,,,,,,,,,,,,
2020-12-01 18:00:00,18777.0,19350.0,18347.1,19231.4,6800.55853419,586.01,605.34,575.20,597.74,61798.09686065,,,,,,,,,,,,,,,
2020-12-02 18:00:00,19219.3,19600.0,18851.9,19451.3,5045.72826462,597.50,624.53,586.24,616.57,65570.49432186,,,,,,,,,,,,,,,
2020-12-03 18:00:00,19440.7,19536.1,18561.6,18665.8,5834.11698084,616.57,620.57,565.62,567.79,89002.06494963,,,,,,,,,,,,,,,
2020-12-04 18:00:00,18655.0,19179.3,18511.0,19153.0,2374.36779330,567.57,597.69,561.34,597.00,48755.08207449,,,,,,,,,,,,,,,
2020-12-05 18:00:00,19153.1,19437.0,18857.8,19392.9,2717.60065321,596.99,607.68,582.77,602.64,56437.78782055,,,,,,,,,,,,,,,
2020-12-06 18:00:00,19385.0,19440.0,18900.0,19178.6,3138.36481260,602.65,602.99,584.60,591.26,32957.85018806,,,,,,,,,,,,,,,
2020-12-07 18:00:00,19182.5,19300.0,18120.0,18320.5,6386.01889423,591.25,595.00,548.14,554.65,76992.95913216,,,,,,,,,,,,,,,
2020-12-08 18:00:00,18313.1,18640.0,17649.9,18548.5,7731.94332043,554.65,577.97,530.00,573.21,94064.17737227,,,,,,,,,,,,,,,
2020-12-09 18:00:00,18548.4,18557.2,17911.1,18245.5,4911.09036808,573.16,575.28,548.29,558.33,45306.07356259,,,,,,,,,,,,,,,
2020-12-10 18:00:00,18246.4,18285.0,17572.0,18031.5,6183.56417574,558.90,560.35,535.10,544.24,65090.62184688,,,,,,,,,,,,,,,
2020-12-11 18:00:00,18031.5,18986.9,18024.0,18806.9,4583.50043711,544.38,574.00,543.07,568.09,47210.56447939,,,,,,,,,,,,,,,
2020-12-12 18:00:00,18814.4,19420.0,18712.6,19164.1,4740.41168303,567.94,595.00,563.45,590.35,59837.04867915,,,,,,,,,,,,,,,
2020-12-13 18:00:00,19163.0,19342.7,19002.0,19281.1,3153.24214073,590.25,591.65,576.06,586.27,39433.52639877,,,,,,,,,,,,,,,
2020-12-14 18:00:00,19281.0,19551.5,19048.9,19439.7,5539.35145570,586.28,596.90,576.72,589.41,43995.02356601,,,,,,,,,,,,,,,
2020-12-15 18:00:00,19439.5,21577.4,19302.4,21378.1,11843.67879736,589.41,639.10,581.50,638.28,88744.56233394,,,,,,,,,,,,,,,
2020-12-16 18:00:00,21361.7,23751.0,21264.4,22826.2,18993.44181470,638.01,676.61,628.05,643.43,154159.14707953,,,,,,,,,,,,,,,
2020-12-17 18:00:00,22811.8,23317.1,22308.2,23130.5,6050.93755165,644.01,664.02,630.00,654.67,68630.81059908,,,,,,,,,,,,,,,
2020-12-18 18:00:00,23132.8,24288.2,22800.0,23871.5,6255.12780310,654.58,669.00,645.60,658.83,65782.65483748,,,,,,,,,,,,,,,
2020-12-19 18:00:00,23871.5,24297.7,23084.9,23480.7,5876.10037185,658.57,660.60,622.00,638.28,86577.83459697,,,,,,,,,,,,,,,
2020-12-20 18:00:00,23480.8,24090.0,21885.6,22716.1,10783.18264979,638.00,648.00,597.00,608.01,108823.62418088,,,,,,,,,,,,,,,
2020-12-21 18:00:00,22724.6,23837.0,22354.2,23828.2,5728.00766789,608.00,637.47,587.84,637.46,58163.93210002,,,,,,,,,,,,,,,
2020-12-22 18:00:00,23823.0,24080.0,22629.2,23226.7,8830.55195551,637.46,638.34,550.00,585.50,96223.33745158,,,,,,,,,,,,,,,
2020-12-23 18:00:00,23225.5,23750.0,22723.0,23718.6,4800.52521058,585.03,615.14,565.90,612.49,58137.20654204,,,,,,,,,,,,,,,
2020-12-24 18:00:00,23718.7,24777.7,23410.8,24698.6,6178.77951455,612.31,633.33,603.92,626.83,49171.18776110,,,,,,,,,,,,,,,
2020-12-25 18:00:00,24703.8,26800.0,24500.0,26441.2,9648.05536731,626.77,651.99,615.50,635.95,76505.57758732,,,,,,,,,,,,,,,
2020-12-26 18:00:00,26442.2,28353.2,25634.6,26251.4,14257.99861732,636.33,715.09,623.68,683.03,189210.42533624,,,,,,,,,,,,,,,
2020-12-27 18:00:00,26238.0,27460.9,26056.4,27029.5,7871.34149982,683.49,746.71,680.39,729.12,178049.37113408,,,,,,,,,,,,,,,
2020-12-28 18:00:00,27028.9,27400.0,25850.0,27376.2,8698.45260361,729.12,738.97,686.76,731.84,131331.08284668,,,,,,,,,,,,,,,
2020-12-29 18:00:00,27376.2,28972.1,27346.0,28879.9,10428.39122144,731.84,758.00,716.23,752.50,129621.21075442,,,,,,,,,,,,,,,
2020-12-30 18:00:00,28880.0,29291.7,27844.0,28959.2,7612.52438637,752.90,756.11,721.00,737.45,84351.63264722,,,,,,,,,,,,,,,
2020-12-31 18:00:00,28959.4,29670.0,28672.3,29398.9,5856.86897657,737.35,750.00,717.00,730.85,44230.20985800,,,,,,,,,,,,,,,
2021-01-01 18:00:00,29398.7,33245.0,29028.7,32238.8,19615.91350889,730.95,788.00,717.50,775.01,149416.82512879,,,,,,,,,,,,,,,
2021-01-02 18:00:00,32215.4,34771.0,32002.0,33082.7,12135.92577129,775.05,1012.70,769.49,979.86,300555.74823493,,,,,,,,,,,,,,,
2021-01-03 18:00:00,33082.7,33652.3,27920.0,32048.0,16125.62840498,980.00,1166.00,888.88,1042.52,395811.50863932,,,,,,,,,,,,,,,
2021-01-04 18:00:00,32047.9,34499.0,29910.5,34050.0,10982.67553728,1043.52,1134.00,975.00,1103.41,272632.49655510,,,,,,,,,,,,,,,
2021-01-05 18:00:00,34049.7,36532.4,33373.4,36270.9,11709.90327737,1103.48,1212.00,1058.97,1186.43,221766.15034768,,,,,,,,,,,,,,,
